{
    "parent": "izzy_vault:the_vault",
    "display": {
      "icon": {
        "item": "the_vault:crystal_seal_empty"
      },
      "title": {"text": "批准的印记"},
      "description": {"text": "获得一个空印记"}
    },
    "criteria": {
      "craft_item": {
        "trigger": "minecraft:inventory_changed",
        "conditions": {
          "items": [
            {
              "items": [
                "the_vault:crystal_seal_empty"
              ]
            }
          ]
        }
      }
    }
  }