{
    "parent": "izzy_vault:objectives/blank_seal",
    "display": {
      "icon": {
        "item": "the_vault:crystal_seal_cake"
      },
      "title": {"text": "饕餮之财"},
      "description": {"text": "获得一个糕点师印记"}
    },
    "criteria": {
      "craft_item": {
        "trigger": "minecraft:inventory_changed",
        "conditions": {
          "items": [
            {
              "items": [
                "the_vault:crystal_seal_cake"
              ]
            }
          ]
        }
      }
    }
  }