{
    "parent": "izzy_vault:objectives/leave_cake_vault",
    "display": {
      "icon": {
        "item": "the_vault:vault_crate_cake"
      },
      "title": {"text": "美味战利品"},
      "description": ["",{"text": "切开就能看到美味蛋糕了","italic": true},{"text": "\n完成蛋糕宝库后打开一个蛋糕板条箱"}],
      "frame": "challenge",
      "hidden": true
    },
    "criteria": {
      "crake_place": {
        "trigger": "minecraft:placed_block",
        "conditions": {
          "block": "the_vault:vault_crate_cake"
        }
      },
      "crake_touch": {
        "trigger": "minecraft:item_used_on_block",
          "conditions": {
            "location": {
              "block": {
                "blocks": [
                  "the_vault:crake_pedestal"
                ]
              }
            }
          }
      }
    },
    "requirements": [
        ["crake_place"],
        ["crake_touch"]
    ]
  }