{
    "parent": "izzy_vault:objectives/lodestone",
    "display": {
      "icon": {
        "item": "the_vault:vault_crate_elixir"
      },
      "title": {"text": "智慧战利品"},
      "description": ["",{"text": "有什么紫色的东西漏出来了","italic": true},{"text": "\n完成圣水宝库后打开一个圣水板条箱"}],
      "frame": "challenge",
      "hidden": true
    },
    "criteria": {
      "elixir_place": {
        "trigger": "minecraft:placed_block",
        "conditions": {
          "block": "the_vault:vault_crate_elixir"
        }
      },
      "elixir_open": {
        "trigger": "minecraft:item_used_on_block",
        "conditions": {
          "location": {
            "block": {
              "blocks": [
                "the_vault:vault_crate_elixir"
              ]
            }
          }
        }
      },
      "lodestone_touch": {
        "trigger": "minecraft:item_used_on_block",
        "conditions": {
          "location": {
            "block": {
              "blocks": [
                "the_vault:lodestone"
              ]
            }
          }
        }
      }
    },
    "requirements": [
        ["elixir_place"],
        ["lodestone_touch"]
    ]
  }