{
    "parent": "izzy_vault:objectives/obelisk",
    "display": {
      "icon": {
        "item": "the_vault:vault_crate"
      },
      "title": {"text": "杀戮战利品"},
      "description": ["",{"text": "它在流血吗？","italic": true},{"text": "\n完成猎杀守卫者宝库后打开一个守卫者板条箱"}],
      "frame": "challenge",
      "hidden": true
    },
    "criteria": {
      "crake_place": {
        "trigger": "minecraft:placed_block",
        "conditions": {
          "block": "the_vault:vault_crate"
        }
      },
      "obelisk": {
        "trigger": "minecraft:item_used_on_block",
        "conditions": {
          "location": {
            "block": {
              "blocks": [
                "the_vault:obelisk"
              ]
            }
          }
        }
      }
    },
    "requirements": [
        ["crake_place"],
        ["obelisk"]
    ]
  }