{
    "parent": "izzy_vault:objectives/blank_seal",
    "display": {
      "icon": {
        "item": "the_vault:crystal_seal_executioner"
      },
      "title": {"text": "为生命而战"},
      "description": {"text": "制作一个行刑者印记"}
    },
    "criteria": {
      "craft_item": {
        "trigger": "minecraft:inventory_changed",
        "conditions": {
          "items": [
            {
              "items": [
                "the_vault:crystal_seal_executioner"
              ]
            }
          ]
        }
      }
    }
  }