{
    "parent": "izzy_vault:objectives/braziers",
    "display": {
      "icon": {
        "item": "minecraft:campfire"
      },
      "title": {"text": "增益与减益"},
      "description": {"text": "点亮一个火盆"},
      "frame": "goal"
    },
    "criteria": {
      "iskallium": {
        "trigger": "minecraft:item_used_on_block",
        "conditions": {
          "location": {
            "block": {
              "blocks": [
                "the_vault:monolith"
              ]
            }
          }
        }
      }
    }
}