{
    "parent": "izzy_vault:objectives/elixir",
    "display": {
      "icon": {
        "item": "the_vault:lodestone"
      },
      "title": {"text": "触摸紫色"},
      "description": {"text": "在圣水条充满前与天然磁石交互"},
      "frame": "goal"
    },
    "criteria": {
        "iskallium": {
          "trigger": "minecraft:item_used_on_block",
          "conditions": {
            "location": {
              "block": {
                "blocks": [
                  "the_vault:lodestone"
                ]
              }
            }
          }
        }
      }
  }