{
    "parent": "izzy_vault:objectives/executioner",
    "display": {
      "icon": {
        "item": "the_vault:obelisk"
      },
      "title": {"text": "什么的守卫者？"},
      "description": {"text": "使用方尖碑并击杀所有种类的守卫者"},
      "frame": "goal"
    },
    "criteria": {
      "obelisk": {
        "trigger": "minecraft:item_used_on_block",
        "conditions": {
          "location": {
            "block": {
              "blocks": [
                "the_vault:obelisk"
              ]
            }
          }
        }
      },
      "arbalist": {
        "trigger": "minecraft:player_killed_entity",
        "conditions": {
            "entity": {
                "type": "the_vault:arbalist_guardian"
            }
        }
      },
      "bruiser": {
        "trigger": "minecraft:player_killed_entity",
        "conditions": {
            "entity": {
                "type": "the_vault:bruiser_guardian"
            }
        }
      }
    },
    "requirements": [
        ["obelisk"],
        ["arbalist"],
        ["bruiser"]
    ]
}