{
    "parent": "izzy_vault:objectives/paradox_altar",
    "display": {
      "icon": {
        "item": "the_vault:vault_crate_paradox"
      },
      "title": {"text": "悖论战利品"},
      "description": ["",{"text": "这应该存在吗？","italic": true},{"text": "\n完成神圣悖论宝库后打开一个悖论板条箱"}],
      "frame": "challenge",
      "hidden": true
    },
    "criteria": {
      "crake_place": {
        "trigger": "minecraft:placed_block",
        "conditions": {
          "block": "the_vault:vault_crate_paradox"
        }
      },
      "altar": {
        "trigger": "minecraft:item_used_on_block",
        "conditions": {
            "location": {
              "block": {
                "blocks": [
                  "the_vault:divine_altar"
                ]
              }
            },
            "item": {
              "items": [
                  "the_vault:god_blessing"
              ]
            }
        }
      }
    },
    "requirements": [
        ["crake_place"],
        ["altar"]
    ]
  }