{
    "parent": "izzy_vault:objectives/paradox_crate",
    "display": {
      "icon": {
        "item": "the_vault:paradoxical_gem"
      },
      "title": {"text": "除以0"},
      "description": ["",{"text": "无法计算","italic": true},{"text": "\n制作一个矛盾宝石"}],
      "frame": "challenge",
      "hidden": true
    },
    "criteria": {
      "craft_item": {
        "trigger": "minecraft:inventory_changed",
        "conditions": {
          "items": [
            {
              "items": [
                "the_vault:paradoxical_gem"
              ]
            }
          ]
        }
      }
    }
  }