{
    "parent": "izzy_vault:objectives/blank_seal",
    "display": {
      "icon": {
        "item": "the_vault:crystal_seal_ordinator_build"
      },
      "title": {"text": "超级Minecraft建筑师"},
      "description": {"text": "获得一个创造者印记"}
    },
    "criteria": {
      "craft_item": {
        "trigger": "minecraft:inventory_changed",
        "conditions": {
          "items": [
            {
              "items": [
                "the_vault:crystal_seal_ordinator_build"
              ]
            }
          ]
        }
      }
    }
  }