{
    "parent": "izzy_vault:objectives/scav_altar",
    "display": {
      "icon": {
        "item": "the_vault:vault_crate_scavenger"
      },
      "title": {"text": "寻宝战利品"},
      "description": ["",{"text": "有一点怪——异","italic": true},{"text": "\n完成拾荒者宝库后打开一个拾荒者板条箱"}],
      "frame": "challenge",
      "hidden": true
    },
    "criteria": {
      "crake_place": {
        "trigger": "minecraft:placed_block",
        "conditions": {
          "block": "the_vault:vault_crate_scavenger"
        }
      },
      "altar": {
        "trigger": "minecraft:item_used_on_block",
        "conditions": {
          "location": {
            "block": {
              "blocks": [
                "the_vault:scavenger_altar"
              ]
            }
          },
          "item": {
            "tag": "the_vault:scavenger_item"
          }
        }
      }
    },
    "requirements": [
        ["crake_place"],
        ["altar"]
    ]
  }

