{
    "parent": "izzy_vault:objectives/hunter",
    "display": {
      "icon": {
        "item": "the_vault:scavenger_altar"
      },
      "title": {"text": "拾者可昧"},
      "description": {"text": "将拾荒者物品提交到拾荒者祭坛"},
      "frame": "goal"
    },
    "criteria": {
      "iskallium": {
        "trigger": "minecraft:item_used_on_block",
        "conditions": {
          "location": {
            "block": {
              "blocks": [
                "the_vault:scavenger_altar"
              ]
            }
          },
          "item": {
            "tag": "the_vault:scavenger_item"
          }
        }
      }
    }
}