{
    "parent": "izzy_vault:burger/feast",
    "display": {
        "icon": {
            "item": "the_vault:spicy_hearty_burger"
        },
        "title": {
            "text": "之前的它有点冷"
        },
        "description": {
            "text": "制作一个香辣丰盛汉堡"
        }
    },
    "criteria": {
        "craft_spicy_hearty_burger": {
            "trigger": "minecraft:inventory_changed",
            "conditions": {
                "items": [
                    {
                        "items": [
                            "the_vault:spicy_hearty_burger"
                        ]
                    }
                ]
            }
        }
    }
}