{
    "parent": "izzy_vault:blocks/alchemy_table",
    "display": {
      "icon": {
        "item": "the_vault:alchemy_archive"
      },
      "title": {"text": "全新酿造"},
      "description": {"text": "与炼药档案台交互"},
      "frame": "goal"
    },
    "criteria": {
        "iskallium": {
            "trigger": "minecraft:item_used_on_block",
            "conditions": {
              "location": {
                "block": {
                  "blocks": [
                    "the_vault:alchemy_archive"
                  ]
                }
              }
            }
          }
    }
  }