{
    "parent": "izzy_vault:items/potion",
    "display": {
      "icon": {
        "item": "the_vault:alchemy_table"
      },
      "title": {"text": "药剂经济学"},
      "description": {"text": "制作一个炼药桌"}
    },
    "criteria": {
      "craft_item": {
        "trigger": "minecraft:inventory_changed",
        "conditions": {
          "items": [
            {
              "items": [
                "the_vault:alchemy_table"
              ]
            }
          ]
        }
      }
    }
  }