{
    "parent": "izzy_vault:items/animal_jar",
    "display": {
      "icon": {
        "item": "the_vault:animal_pen"
      },
      "title": {"text": "老麦克唐纳有个农场"},
      "description": {"text": "制作一个动物棚"}
    },
    "criteria": {
      "craft_item": {
        "trigger": "minecraft:inventory_changed",
        "conditions": {
          "items": [
            {
              "items": [
                "the_vault:animal_pen"
              ]
            }
          ]
        }
      }
    }
  }