{
    "parent": "izzy_vault:items/vault_artifact",
    "display": {
      "icon": {
        "item": "the_vault:artifact_projector_block"
      },
      "title": {"text": "故事的投影"},
      "description": {"text": "制作一个文物之书台"},
      "frame": "goal"
    },
    "criteria": {
      "craft_item": {
        "trigger": "minecraft:inventory_changed",
        "conditions": {
          "items": [
            {
              "items": [
                "the_vault:artifact_projector_block"
              ]
            }
          ]
        }
      }
    }
  }