{
    "parent": "izzy_vault:items/shard_pouch",
    "display": {
      "icon": {
        "item": "the_vault:black_market"
      },
      "title": {"text": "暗中交易"},
      "description": {"text": "制作一个黑市"}
    },
    "criteria": {
      "craft_item": {
        "trigger": "minecraft:inventory_changed",
        "conditions": {
          "items": [
            {
              "items": [
                "the_vault:black_market"
              ]
            }
          ]
        }
      }
    }
  }