{
    "parent": "izzy_vault:materials/eternal_soul",
    "display": {
      "icon": {
        "item": "the_vault:cryo_chamber"
      },
      "title": {"text": "培育克隆体"},
      "description": {"text": "对低温箱使用一个永恒之魂"},
      "frame": "goal"
    },
    "criteria": {
      "iskallium": {
        "trigger": "minecraft:item_used_on_block",
        "conditions": {
          "item": {
            "items": [
              "the_vault:eternal_soul"
            ]
          },
          "location": {
            "block": {
              "blocks": [
                "the_vault:cryo_chamber"
              ]
            }
          }
        }
      }
    }
}