{
    "parent": "izzy_vault:items/cake",
    "display": {
        "icon": {
            "item": "minecraft:cake"
        },
        "title": {
            "text": "嗯！好吃"
        },
        "description": {
            "text": "在蛋糕宝库中吃掉一个蛋糕"
        }
    },
    "criteria": {
        "iskallium": {
            "trigger": "minecraft:item_used_on_block",
            "conditions": {
                "location": {
                    "block": {
                        "blocks": [
                            "the_vault:cake"
                        ]
                    }
                }
            }
        }
    }
}