{
    "parent": "izzy_vault:items/vault_gear",
    "display": {
        "icon": {
            "item": "the_vault:enhancement_altar"
        },
        "title": {
            "text": "强化升级"
        },
        "description": {
            "text": "在宝库中与强化祭坛交互"
        },
        "frame": "goal"
    },
    "criteria": {
        "iskallium": {
            "trigger": "minecraft:item_used_on_block",
            "conditions": {
                "location": {
                    "block": {
                        "blocks": [
                            "the_vault:enhancement_altar"
                        ]
                    }
                }
            }
        }
    }
}



