{
    "parent": "izzy_vault:blocks/cryo_chamber",
    "display": {
        "icon": {
            "item": "the_vault:eternal_pedestal"
        },
        "title": {
            "text": "好友展出中"
        },
        "description": {
            "text": "制作一个永生者基座"
        }
    },
    "criteria": {
        "craft_item": {
            "trigger": "minecraft:inventory_changed",
            "conditions": {
                "items": [
                    {
                        "items": [
                            "the_vault:eternal_pedestal"
                        ]
                    }
                ]
            }
        }
    }
}