{
    "parent": "izzy_vault:items/all_vault_arifact",
    "display": {
        "icon": {
            "item": "the_vault:final_vault_frame"
        },
        "title": {
            "text": "结束一切吧"
        },
        "description": [
            "",
            {
                "text": "一劳永逸",
                "italic": true
            },
            {
                "text": "\n获得最终宝库传送门框架"
            }
        ],
        "frame": "challenge",
        "hidden": true
    },
    "criteria": {
        "craft_item": {
            "trigger": "minecraft:inventory_changed",
            "conditions": {
                "items": [
                    {
                        "items": [
                            "the_vault:final_vault_frame"
                        ]
                    }
                ]
            }
        }
    }
}