{
    "parent": "izzy_vault:gems/jewel",
    "display": {
      "icon": {
        "item": "the_vault:vault_jewel_cutting_station"
      },
      "title": {"text": "珠宝匠训练"},
      "description": {"text": "制作一个珠宝切割站"}
    },
    "criteria": {
      "craft_item": {
        "trigger": "minecraft:inventory_changed",
        "conditions": {
          "items": [
            {
              "items": [
                "the_vault:vault_jewel_cutting_station"
              ]
            }
          ]
        }
      }
    }
  }