{
    "parent": "izzy_vault:blocks/eat_cake",
    "display": {
        "icon": {
            "item": "the_vault:crake_pedestal"
        },
        "title": {
            "text": "蛋糕给得太多了"
        },
        "description": {
            "text": "在宝库中与蛋糕基座交互"
        },
        "frame": "goal"
    },
    "criteria": {
        "iskallium": {
            "trigger": "minecraft:item_used_on_block",
            "conditions": {
                "location": {
                    "block": {
                        "blocks": [
                            "the_vault:crake_pedestal"
                        ]
                    }
                }
            }
        }
    }
}