{
    "parent": "izzy_vault:the_vault",
    "display": {
      "icon": {
        "item": "the_vault:pylon"
      },
      "title": {"text": "凝聚的额外晶石"},
      "description": {"text": "找到并使用一个效果晶石"}
    },
    "criteria": {
      "pylon": {
        "trigger": "minecraft:item_used_on_block",
        "conditions": {
          "location": {
            "block": {
              "blocks": [
                "the_vault:pylon"
              ]
            }
          }
        }
      }
    }
  }