{
    "parent": "izzy_vault:items/vault_relic",
    "display": {
      "icon": {
        "item": "the_vault:relic_pedestal"
      },
      "title": {"text": "雕像展览中"},
      "description": {"text": "制作并放置一个遗物基座"}
    },
    "criteria": {
      "craft_item": {
        "trigger": "minecraft:inventory_changed",
        "conditions": {
          "items": [
            {
              "items": [
                "the_vault:relic_pedestal"
              ]
            }
          ]
        }
      },
      "placed_down": {
        "trigger": "minecraft:placed_block",
        "conditions": {
          "block": "the_vault:relic_pedestal"
        }
      }
    },
    "requirements": [
        ["craft_item"],
        ["placed_down"]
    ]
  }