{
    "parent": "izzy_vault:the_vault",
    "display": {
        "icon": {
            "item": "the_vault:ornate_strongbox"
        },
        "title": {
            "text": "强大的宝箱"
        },
        "description": {
            "text": "与强化宝箱交互"
        },
        "hidden": true,
        "frame": "goal"
    },
    "criteria": {
        "gilded": {
            "trigger": "minecraft:item_used_on_block",
            "conditions": {
                "location": {
                    "block": {
                        "blocks": [
                            "the_vault:gilded_strongbox"
                        ]
                    }
                }
            }
        },
        "living": {
            "trigger": "minecraft:item_used_on_block",
            "conditions": {
                "location": {
                    "block": {
                        "blocks": [
                            "the_vault:living_strongbox"
                        ]
                    }
                }
            }
        },
        "ornate": {
            "trigger": "minecraft:item_used_on_block",
            "conditions": {
                "location": {
                    "block": {
                        "blocks": [
                            "the_vault:ornate_strongbox"
                        ]
                    }
                }
            }
        }
    },
    "requirements": [
        [
            "gilded",
            "living",
            "ornate"
        ]
    ]
}