{
    "parent": "izzy_vault:the_vault",
    "display": {
      "icon": {
        "item": "the_vault:tool_station"
      },
      "title": {"text": "一个完整的作坊"},
      "description": {"text": "制作一个工具装配台"}
    },
    "criteria": {
      "craft_item": {
        "trigger": "minecraft:inventory_changed",
        "conditions": {
          "items": [
            {
              "items": [
                "the_vault:tool_station"
              ]
            }
          ]
        }
      }
    }
  }