{
    "parent": "izzy_vault:items/crystal_seal_herald",
    "display": {
      "icon": {
        "item": "the_vault:herald_trophy",
        "nbt": "{BlockEntityTag:{Variant:'gold'}}"
      },
      "title": {"text": "先驱的终章"},
      "description": ["",{"text": "我得到的只有一个奖杯而已","italic": true},{"text": "\n完成先驱者宝库"}],
      "frame": "challenge",
      "hidden": true
    },
    "criteria": {
      "bronze": {
        "trigger": "minecraft:inventory_changed",
        "conditions": {
          "items": [
            {
              "items": [
                "the_vault:herald_trophy"
              ],
              "nbt": "{BlockEntityTag:{Variant:'bronze'}}"
            }
          ]
        }
      },
      "silver": {
        "trigger": "minecraft:inventory_changed",
        "conditions": {
          "items": [
            {
              "items": [
                "the_vault:herald_trophy"
              ],
              "nbt": "{BlockEntityTag:{Variant:'silver'}}"
            }
          ]
        }
      },
      "gold": {
        "trigger": "minecraft:inventory_changed",
        "conditions": {
          "items": [
            {
              "items": [
                "the_vault:herald_trophy"
              ],
              "nbt": "{BlockEntityTag:{Variant:'gold'}}"
            }
          ]
        }
      },
      "plat": {
        "trigger": "minecraft:inventory_changed",
        "conditions": {
          "items": [
            {
              "items": [
                "the_vault:herald_trophy"
              ],
              "nbt": "{BlockEntityTag:{Variant:'platinum'}}"
            }
          ]
        }
      }
    },
    "requirements": [
        ["bronze", "silver", "gold", "plat"]
    ]
  }