{
    "parent": "izzy_vault:the_vault",
    "display": {
        "icon": {
            "item": "the_vault:vault_enchanter"
        },
        "title": {
            "text": "令人着迷"
        },
        "description": {
            "text": "制作一个宝库附魔台"
        }
    },
    "criteria": {
        "craft_item": {
            "trigger": "minecraft:inventory_changed",
            "conditions": {
                "items": [
                    {
                        "items": [
                            "the_vault:vault_enchanter"
                        ]
                    }
                ]
            }
        }
    }
}