{
    "parent": "izzy_vault:items/vault_gear",
    "display": {
        "icon": {
            "item": "the_vault:vault_artisan_station"
        },
        "title": {
            "text": "我们可以做得更好"
        },
        "description": {
            "text": "制作一个宝藏锻造台"
        }
    },
    "criteria": {
        "craft_item": {
            "trigger": "minecraft:inventory_changed",
            "conditions": {
                "items": [
                    {
                        "items": [
                            "the_vault:vault_artisan_station"
                        ]
                    }
                ]
            }
        }
    }
}