{
    "parent": "izzy_vault:blocks/vault_diffuser",
    "display": {
      "icon": {
        "item": "the_vault:vault_harvester"
      },
      "title": {"text": "快速自动售卖机"},
      "description": {"text": "制作一个宝库灵魂收割器"},
      "frame": "goal"
    },
    "criteria": {
      "craft_item": {
        "trigger": "minecraft:inventory_changed",
        "conditions": {
          "items": [
            {
              "items": [
                "the_vault:vault_harvester"
              ]
            }
          ]
        }
      }
    }
  }