{
    "parent": "izzy_vault:items/vault_gear",
    "display": {
      "icon": {
        "item": "the_vault:vault_forge"
      },
      "title": {"text": "这是怎么做的"},
      "description": {"text": "制作一个宝库锻炉"}
    },
    "criteria": {
      "craft_item": {
        "trigger": "minecraft:inventory_changed",
        "conditions": {
          "items": [
            {
              "items": [
                "the_vault:vault_forge"
              ]
            }
          ]
        }
      }
    }
  }