{
    "parent": "izzy_vault:blocks/vault_forge",
    "display": {
      "icon": {
        "item": "the_vault:vault_recycler"
      },
      "title": {"text": "一片废品而已"},
      "description": {"text": "制作一个宝库回收器"}
    },
    "criteria": {
      "craft_item": {
        "trigger": "minecraft:inventory_changed",
        "conditions": {
          "items": [
            {
              "items": [
                "the_vault:vault_recycler"
              ]
            }
          ]
        }
      }
    }
  }