{
    "parent": "izzy_vault:the_vault",
    "display": {
        "icon": {
            "item": "the_vault:vault_charm_controller"
        },
        "title": {
            "text": "这是什么废品！？！"
        },
        "description": {
            "text": "制作一个废品处理控制器"
        }
    },
    "criteria": {
        "craft_item": {
            "trigger": "minecraft:inventory_changed",
            "conditions": {
                "items": [
                    {
                        "items": [
                            "the_vault:vault_charm_controller"
                        ]
                    }
                ]
            }
        }
    }
}