{
    "parent": "izzy_vault:materials/chromatic_steel",
    "display": {
        "icon": {
            "item": "the_vault:vault_anvil"
        },
        "title": {
            "text": "无限锻造"
        },
        "description": {
            "text": "制作一个宝库砧"
        }
    },
    "criteria": {
        "craft_item": {
            "trigger": "minecraft:inventory_changed",
            "conditions": {
                "items": [
                    {
                        "items": [
                            "the_vault:vault_anvil"
                        ]
                    }
                ]
            }
        }
    }
}