{
    "parent": "izzy_vault:blocks/trans_table",
    "display": {
      "icon": {
        "item": "the_vault:wardrobe"
      },
      "title": {"text": "看！我的玩意儿！"},
      "description": {"text": "制作一个衣橱"}
    },
    "criteria": {
      "craft_item": {
        "trigger": "minecraft:inventory_changed",
        "conditions": {
          "items": [
            {
              "items": [
                "the_vault:wardrobe"
              ]
            }
          ]
        }
      }
    }
  }