{
    "parent": "izzy_vault:vault_tools/tool_station",
    "display": {
        "icon": {
            "item": "the_vault:tool",
            "nbt": "{vaultGearData: [L; -7403465255239245078L, 2673781065713282268L, 1514722424829605913L, 4616400934536516931L, 107798892737L, 423054278656L, -8852492746032676864L, -8559560530332385260L, 18372019767163027L, 288230376101658624L, 8589934592L, 184828609003782144L, 185388976097100464L, 140751079104801L, 34359738360L, 1024L, 1514722424829605888L, 5770026126585140547L, -8388307835L, 2199023255555L, -6589878960610344960L, 2903310526063837840L, -7620749799L, 2199023255555L, 1130297953353728L]}"
        },
        "title": {
            "text": "无尽的挖掘能力"
        },
        "description": {
            "text": "制作一个宝库工具"
        }
    },
    "criteria": {
        "craft_item": {
            "trigger": "minecraft:inventory_changed",
            "conditions": {
                "items": [
                    {
                        "items": [
                            "the_vault:tool"
                        ]
                    }
                ]
            }
        }
    }
}


