{
    "parent": "izzy_vault:the_vault",
    "display": {
        "icon": {
            "item": "the_vault:bounty_block"
        },
        "title": {
            "text": "额外积分"
        },
        "description": {
            "text": "制作一个悬赏桌"
        }
    },
    "criteria": {
        "craft_item": {
            "trigger": "minecraft:inventory_changed",
            "conditions": {
                "items": [
                    {
                        "items": [
                            "the_vault:bounty_block"
                        ]
                    }
                ]
            }
        }
    }
}