{
    "parent": "izzy_vault:blocks/bounty",
    "display": {
        "icon": {
            "item": "the_vault:vault_crate_bounty"
        },
        "title": {
            "text": "家庭作业已完成"
        },
        "description": {
            "text": "打开一个悬赏板条箱"
        },
        "frame": "goal"
    },
    "criteria": {
        "crate": {
            "trigger": "minecraft:placed_block",
            "conditions": {
                "block": "the_vault:vault_crate_bounty"
            }
        }
    }
}