{
    "parent": "izzy_vault:the_vault",
    "display": {
        "icon": {
            "item": "the_vault:vault_crate"
        },
        "title": {
            "text": "直播开箱"
        },
        "description": [
            "",
            {
                "text": "更多好东西？",
                "italic": true
            },
            {
                "text": "\n在完成宝库后打开一个板条箱"
            }
        ],
        "frame": "challenge"
    },
    "criteria": {
        "boss": {
            "trigger": "minecraft:placed_block",
            "conditions": {
                "block": "the_vault:vault_crate"
            }
        },
        "cake": {
            "trigger": "minecraft:placed_block",
            "conditions": {
                "block": "the_vault:vault_crate_cake"
            }
        },
        "scav": {
            "trigger": "minecraft:placed_block",
            "conditions": {
                "block": "the_vault:vault_crate_scavenger"
            }
        },
        "monolith": {
            "trigger": "minecraft:placed_block",
            "conditions": {
                "block": "the_vault:vault_crate_monolith"
            }
        },
        "elixir": {
            "trigger": "minecraft:placed_block",
            "conditions": {
                "block": "the_vault:vault_crate_elixir"
            }
        }
    },
    "requirements": [
        [
            "boss",
            "cake",
            "scav",
            "monolith",
            "elixir"
        ]
    ]
}