{
    "parent": "izzy_vault:materials/driftwood",
    "display": {
        "icon": {
            "item": "the_vault:driftwood_log"
        },
        "title": {
            "text": "……我猜它大概是木头"
        },
        "description": {
            "text": "制作一些浮木原木"
        },
        "frame": "goal",
        "hidden": true
    },
    "criteria": {
        "craft_item": {
            "trigger": "minecraft:inventory_changed",
            "conditions": {
                "items": [
                    {
                        "items": [
                            "the_vault:driftwood_log"
                        ]
                    }
                ]
            }
        }
    }
}