{
    "parent": "izzy_vault:items/vault_gear",
    "display": {
        "icon": {
            "item": "the_vault:identification_stand"
        },
        "title": {
            "text": "速鉴物品"
        },
        "description": {
            "text": "制作一个鉴定台"
        }
    },
    "criteria": {
        "craft_item": {
            "trigger": "minecraft:inventory_changed",
            "conditions": {
                "items": [
                    {
                        "items": [
                            "the_vault:identification_stand"
                        ]
                    }
                ]
            }
        }
    }
}