{
    "parent": "izzy_vault:items/inscription",
    "display": {
        "icon": {
            "item": "the_vault:inscription_table"
        },
        "title": {
            "text": "建筑建筑方块"
        },
        "description": {
            "text": "制作一个铭文台"
        },
        "frame": "goal"
    },
    "criteria": {
        "craft_item": {
            "trigger": "minecraft:inventory_changed",
            "conditions": {
                "items": [
                    {
                        "items": [
                            "the_vault:inscription_table"
                        ]
                    }
                ]
            }
        }
    }
}