{
    "parent": "izzy_vault:blocks/jewel_cutting_table",
    "display": {
        "icon": {
            "item": "the_vault:vault_jewel_application_station"
        },
        "title": {
            "text": "镶嵌宝物"
        },
        "description": {
            "text": "制作一个珠宝镶嵌台"
        }
    },
    "criteria": {
        "craft_item": {
            "trigger": "minecraft:inventory_changed",
            "conditions": {
                "items": [
                    {
                        "items": [
                            "the_vault:vault_jewel_application_station"
                        ]
                    }
                ]
            }
        }
    }
}