{
    "parent": "izzy_vault:blocks/enhancement_altar",
    "display": {
        "icon": {
            "item": "the_vault:modifier_discovery"
        },
        "title": {
            "text": "扩展知识"
        },
        "description": {
            "text": "在宝库中与词缀档案台交互"
        },
        "frame": "goal"
    },
    "criteria": {
        "iskallium": {
            "trigger": "minecraft:item_used_on_block",
            "conditions": {
                "location": {
                    "block": {
                        "blocks": [
                            "the_vault:modifier_discovery"
                        ]
                    }
                }
            }
        }
    }
}