{
    "parent": "izzy_vault:blocks/vault_artisan",
    "display": {
        "icon": {
            "item": "the_vault:modifier_workbench"
        },
        "title": {
            "text": "特定修饰"
        },
        "description": {
            "text": "制作一个词缀工作台"
        }
    },
    "criteria": {
        "craft_item": {
            "trigger": "minecraft:inventory_changed",
            "conditions": {
                "items": [
                    {
                        "items": [
                            "the_vault:modifier_workbench"
                        ]
                    }
                ]
            }
        }
    }
}