{
    "parent": "izzy_vault:items/hunter",
    "display": {
        "icon": {
            "item": "the_vault:scavenger_altar"
        },
        "title": {
            "text": "拾者可昧"
        },
        "description": {
            "text": "向拾荒者祭坛提交一个拾荒者物品"
        },
        "frame": "goal"
    },
    "criteria": {
        "iskallium": {
            "trigger": "minecraft:item_used_on_block",
            "conditions": {
                "location": {
                    "block": {
                        "blocks": [
                            "the_vault:scavenger_altar"
                        ]
                    }
                },
                "item": {
                    "tag": "the_vault:scavenger_item"
                }
            }
        }
    }
}