{
    "parent": "izzy_vault:blocks/wardrobe",
    "display": {
        "icon": {
            "item": "the_vault:skill_altar"
        },
        "title": {
            "text": "技能展示中"
        },
        "description": {
            "text": "制作一个技能祭坛"
        }
    },
    "criteria": {
        "craft_item": {
            "trigger": "minecraft:inventory_changed",
            "conditions": {
                "items": [
                    {
                        "items": [
                            "the_vault:skill_altar"
                        ]
                    }
                ]
            }
        }
    }
}