{
    "parent": "izzy_vault:materials/chromatic_steel",
    "display": {
        "icon": {
            "item": "the_vault:spirit_extractor"
        },
        "title": {
            "text": "回购计划"
        },
        "description": {
            "text": "制作一个灵魂提取器"
        }
    },
    "criteria": {
        "block": {
            "trigger": "minecraft:inventory_changed",
            "conditions": {
                "items": [
                    {
                        "items": [
                            "the_vault:spirit_extractor"
                        ]
                    }
                ]
            }
        }
    }
}