{
    "parent": "izzy_vault:items/vault_gear",
    "display": {
        "icon": {
            "item": "the_vault:transmog_table"
        },
        "title": {
            "text": "一整套的衣橱"
        },
        "description": {
            "text": "制作一个幻化桌"
        }
    },
    "criteria": {
        "craft_item": {
            "trigger": "minecraft:inventory_changed",
            "conditions": {
                "items": [
                    {
                        "items": [
                            "the_vault:transmog_table"
                        ]
                    }
                ]
            }
        }
    }
}