{
    "parent": "izzy_vault:blocks/black_market",
    "display": {
        "icon": {
            "item": "the_vault:vault_diffuser"
        },
        "title": {
            "text": "出售盈利"
        },
        "description": {
            "text": "制作一个宝库灵魂分解器"
        },
        "frame": "goal"
    },
    "criteria": {
        "craft_item": {
            "trigger": "minecraft:inventory_changed",
            "conditions": {
                "items": [
                    {
                        "items": [
                            "the_vault:vault_diffuser"
                        ]
                    }
                ]
            }
        }
    }
}