{
  "parent": "the_vault:main/super_secret_cakes",
  "display": {
    "title": {
      "text": "蚱蜢忍者"
    },
    "description": {
      "text": "穿上全套绿色仙女盔甲后使用冲刺技能！"
    },
    "icon": {
      "item": "the_vault:helmet",
      "nbt": "{Vault:{Attributes:[{BaseValue:\"IDENTIFIED\",Id:\"the_vault:gear_state\"},{BaseValue:\"OMEGA\",Id:\"the_vault:gear_rarity\"},{BaseValue:\"NONE\",Id:\"the_vault:gear_set\"},{BaseValue:16,Id:\"the_vault:gear_special_model\"},{BaseValue:-1,Id:\"the_vault:gear_color\"},{BaseValue:4845100660900061521L,Id:\"the_vault:gear_random_seed\"},{BaseValue:\"All\",Id:\"the_vault:gear_roll_type\"},{BaseValue:0,Id:\"the_vault:gear_tier\"}]}}"
    },
    "frame": "challenge",
    "show_toast": true,
    "announce_to_chat": true,
    "hidden": true,
    "background": "minecraft:textures/block/blackstone.png"
  },
  "criteria": {
    "hopped": {
      "trigger": "minecraft:impossible"
    }
  }
}