{
  "item.minecraft.potion.effect.time_acceleration_x2": "时间加速药水",
  "item.minecraft.potion.effect.time_acceleration_x3": "时间加速药水",
  "item.minecraft.potion.effect.time_acceleration_x4": "时间加速药水",
  "item.minecraft.splash_potion.effect.time_acceleration_x2": "喷溅型时间加速药水",
  "item.minecraft.splash_potion.effect.time_acceleration_x3": "喷溅型时间加速药水",
  "item.minecraft.splash_potion.effect.time_acceleration_x4": "喷溅型时间加速药水",
  "item.minecraft.lingering_potion.effect.time_acceleration_x2": "滞留型时间加速药水",
  "item.minecraft.lingering_potion.effect.time_acceleration_x3": "滞留型时间加速药水",
  "item.minecraft.lingering_potion.effect.time_acceleration_x4": "滞留型时间加速药水",
  
  "_comment_": "宝藏猎人反编译目录：1.ModDynamicModels 2.AbilityLabelFactory 3.StatisticsElementContainerScreenData"
}