{
    "parent": "izzy_vault:materials/carbon",
    "display": {
        "icon": {
            "item": "the_vault:chromatic_steel_ingot"
        },
        "title": {
            "text": "用熔炉炼制钢"
        },
        "description": {
            "text": "制作或获得一个异色钢锭"
        },
        "announce_to_chat": false
    },
    "criteria": {
        "craft_item": {
            "trigger": "minecraft:inventory_changed",
            "conditions": {
                "items": [
                    {
                        "items": [
                            "the_vault:chromatic_steel_ingot"
                        ]
                    }
                ]
            }
        }
    }
}