{
    "parent": "izzy_vault:materials/vault_dust",
    "display": {
        "icon": {
            "item": "the_vault:driftwood"
        },
        "title": {
            "text": "这是个木头吗？"
        },
        "description": {
            "text": "获得一些浮木"
        }
    },
    "criteria": {
        "craft_item": {
            "trigger": "minecraft:inventory_changed",
            "conditions": {
                "items": [
                    {
                        "items": [
                            "the_vault:driftwood"
                        ]
                    }
                ]
            }
        }
    }
}