{
    "parent": "izzy_vault:materials/wutodic_mass",
    "display": {
      "icon": {
        "item": "the_vault:echoing_ingot"
      },
      "title": {"text": "锭、锭、锭"},
      "description": {"text": "制作一个共鸣锭"}
    },
    "criteria": {
      "craft_item": {
        "trigger": "minecraft:inventory_changed",
        "conditions": {
          "items": [
            {
              "items": [
                "the_vault:echoing_ingot"
              ]
            }
          ]
        }
      }
    }
  }