{
    "parent": "izzy_vault:the_vault",
    "display": {
      "icon": {
        "item": "the_vault:eternal_soul"
      },
      "title": {"text": "被诅咒的灵魂"},
      "description": {"text": "获得一个永恒之魂"},
      "announce_to_chat": false
    },
    "criteria": {
      "craft_item": {
        "trigger": "minecraft:inventory_changed",
        "conditions": {
          "items": [
            {
              "items": [
                "the_vault:eternal_soul"
              ]
            }
          ]
        }
      }
    }
  }