{
    "parent": "izzy_vault:materials/vault_essence",
    "display": {
      "icon": {
        "item": "the_vault:knowledge_star_shard"
      },
      "title": {"text": "星星的碎片"},
      "description": {"text": "制作一个知识碎片"}
    },
    "criteria": {
      "craft_item": {
        "trigger": "minecraft:inventory_changed",
        "conditions": {
          "items": [
            {
              "items": [
                "the_vault:knowledge_star_shard"
              ]
            }
          ]
        }
      }
    }
  }