{
    "parent": "izzy_vault:materials/vault_essence",
    "display": {
      "icon": {
        "item": "the_vault:regret_chunk"
      },
      "title": {"text": "绝望之块"},
      "description": {"text": "制作一个悔憾块"}
    },
    "criteria": {
      "craft_item": {
        "trigger": "minecraft:inventory_changed",
        "conditions": {
          "items": [
            {
              "items": [
                "the_vault:regret_chunk"
              ]
            }
          ]
        }
      }
    }
  }