{
    "parent": "izzy_vault:materials/vault_nugget",
    "display": {
        "icon": {
            "item": "the_vault:vault_ingot"
        },
        "title": {
            "text": "十分基础"
        },
        "description": {
            "text": "制作一个宝库锭"
        }
    },
    "criteria": {
        "craft_item": {
            "trigger": "minecraft:inventory_changed",
            "conditions": {
                "items": [
                    {
                        "items": [
                            "the_vault:vault_ingot"
                        ]
                    }
                ]
            }
        }
    }
}