{
    "parent": "izzy_vault:materials/vault_dust",
    "display": {
      "icon": {
        "item": "the_vault:vault_scrap"
      },
      "title": {"text": "宝库时代的废料"},
      "description": {"text": "获得一个宝库废料"},
      "announce_to_chat": false
    },
    "criteria": {
      "craft_item": {
        "trigger": "minecraft:inventory_changed",
        "conditions": {
          "items": [
            {
              "items": [
                "the_vault:vault_scrap"
              ]
            }
          ]
        }
      }
    }
  }