{
    "parent": "izzy_vault:materials/vault_dust",
    "display": {
      "icon": {
        "item": "the_vault:vault_diamond"
      },
      "title": {"text": "彩虹般闪耀的石头"},
      "description": {"text": "获得一个宝库钻石"}
    },
    "criteria": {
      "craft_item": {
        "trigger": "minecraft:inventory_changed",
        "conditions": {
          "items": [
            {
              "items": [
                "the_vault:vault_diamond"
              ]
            }
          ]
        }
      }
    }
  }