{
    "parent": "izzy_vault:materials/vault_plating",
    "display": {
      "icon": {
        "item": "the_vault:vaulterite_ingot"
      },
      "title": {"text": "生锈的锭"},
      "description": {"text": "制作一个宝库融合锭"}
    },
    "criteria": {
      "craft_item": {
        "trigger": "minecraft:inventory_changed",
        "conditions": {
          "items": [
            {
              "items": [
                "the_vault:vaulterite_ingot"
              ]
            }
          ]
        }
      }
    }
  }