{
    "parent": "izzy_vault:the_vault",
    "display": {
      "icon": {
        "item": "the_vault:vault_dust"
      },
      "title": {"text": "细微粉尘"},
      "description": {"text": "获得一个宝库尘埃"},
      "announce_to_chat": false
    },
    "criteria": {
      "craft_item": {
        "trigger": "minecraft:inventory_changed",
        "conditions": {
          "items": [
            {
              "items": [
                "the_vault:vault_dust"
              ]
            }
          ]
        }
      }
    }
  }