{
    "parent": "izzy_vault:materials/vault_dust",
    "display": {
        "icon": {
            "item": "the_vault:vault_essence"
        },
        "title": {
            "text": "基本精华"
        },
        "description": {
            "text": "获得一个宝库精华"
        },
        "announce_to_chat": false
    },
    "criteria": {
        "craft_item": {
            "trigger": "minecraft:inventory_changed",
            "conditions": {
                "items": [
                    {
                        "items": [
                            "the_vault:vault_essence"
                        ]
                    }
                ]
            }
        }
    }
}