{
    "parent": "izzy_vault:materials/vault_diamond",
    "display": {
      "icon": {
        "item": "the_vault:vault_apple"
      },
      "title": {"text": "一天一苹果，那啥远离我"},
      "description": {"text": "获得一个宝库苹果"},
      "announce_to_chat": false
    },
    "criteria": {
      "craft_item": {
        "trigger": "minecraft:inventory_changed",
        "conditions": {
          "items": [
            {
              "items": [
                "the_vault:vault_apple"
              ]
            }
          ]
        }
      }
    }
  }