{
    "parent": "izzy_vault:vault_tools/tool",
    "display": {
        "icon": {
            "item": "the_vault:wutodic_mass"
        },
        "title": {
            "text": "紫色粘液球？"
        },
        "description": {
            "text": "制作一个乌托迪质量块"
        }
    },
    "criteria": {
        "craft_item": {
            "trigger": "minecraft:inventory_changed",
            "conditions": {
                "items": [
                    {
                        "items": [
                            "the_vault:wutodic_mass"
                        ]
                    }
                ]
            }
        }
    }
}