{
  "parent": "the_vault:main/root",
  "display": {
    "title": {
      "text": "宝库是谎言……还是馅饼？"
    },
    "description": {
      "text": "发现kimandjax和iGoodie秘密烘焙的蛋糕……或者馅饼……或者谎言？"
    },
    "icon": {
      "item": "minecraft:cake"
    },
    "frame": "challenge",
    "show_toast": true,
    "announce_to_chat": true,
    "hidden": true,
    "background": "minecraft:textures/block/blackstone.png"
  },
  "criteria": {
    "cake_consumed": {
      "trigger": "minecraft:impossible"
    }
  }
}