{
  "parent": "the_vault:main/root",
  "display": {
    "title": {
      "text": "是伊斯卡在笑吗？！"
    },
    "description": {
      "text": "当疯狂包裹你时，就连你自己也会改变主意。"
    },
    "icon": {
      "item": "the_vault:helmet",
      "nbt": "{Vault:{Attributes:[{BaseValue:\"IDENTIFIED\",Id:\"the_vault:gear_state\"},{BaseValue:\"OMEGA\",Id:\"the_vault:gear_rarity\"},{BaseValue:-5384139,Id:\"the_vault:gear_color\"},{BaseValue:1,Id:\"the_vault:gear_special_model\"},{BaseValue:902354114182148538L,Id:\"the_vault:gear_random_seed\"},{BaseValue:\"All\",Id:\"the_vault:gear_roll_type\"}]}}"
    },
    "frame": "challenge",
    "show_toast": true,
    "announce_to_chat": true,
    "hidden": true,
    "background": "minecraft:textures/block/blackstone.png"
  },
  "criteria": {
    "witchskall_killed": {
      "trigger": "minecraft:impossible"
    }
  }
}