{
    "parent": "izzy_vault:chests/wooden_chest",
    "display": {
      "icon": {
        "item": "the_vault:gilded_chest_placeable"
      },
      "title": {"text": "亮闪闪的宝箱"},
      "description": {"text": "制作一个镀金宝箱"}
    },
    "criteria": {
      "craft_item": {
        "trigger": "minecraft:inventory_changed",
        "conditions": {
          "items": [
            {
              "items": [
                "the_vault:gilded_chest_placeable"
              ]
            }
          ]
        }
      }
    }
  }