{
    "parent": "izzy_vault:chests/gilded_chest",
    "display": {
      "icon": {
        "item": "the_vault:ornate_chest_placeable"
      },
      "title": {"text": "藏起来的阴郁宝箱"},
      "description": {"text": "制作一个华丽宝箱"}
    },
    "criteria": {
      "craft_item": {
        "trigger": "minecraft:inventory_changed",
        "conditions": {
          "items": [
            {
              "items": [
                "the_vault:ornate_chest_placeable"
              ]
            }
          ]
        }
      }
    }
  }