{
    "parent": "izzy_vault:chests/altar_chest",
    "display": {
      "icon": {
        "item": "the_vault:treasure_chest_placeable"
      },
      "title": {"text": "真正闪亮的宝箱"},
      "description": {"text": "制作一个至尊宝箱"},
      "frame": "goal"
    },
    "criteria": {
      "craft_item": {
        "trigger": "minecraft:inventory_changed",
        "conditions": {
          "items": [
            {
              "items": [
                "the_vault:treasure_chest_placeable"
              ]
            }
          ]
        }
      }
    }
  }