{
    "parent": "izzy_vault:the_vault",
    "display": {
        "icon": {
            "item": "the_vault:wooden_chest_placeable"
        },
        "title": {
            "text": "宝库之外的宝箱？"
        },
        "description": {
            "text": "制作一个木制宝箱"
        }
    },
    "criteria": {
        "craft_item": {
            "trigger": "minecraft:inventory_changed",
            "conditions": {
                "items": [
                    {
                        "items": [
                            "the_vault:wooden_chest_placeable"
                        ]
                    }
                ]
            }
        }
    }
}