{
    "parent": "izzy_vault:gems/single_gem",
    "display": {
      "icon": {
        "item": "the_vault:cluster_iskallium"
      },
      "title": {"text": "成簇"},
      "description": {"text": "将独特的宝库宝石组合成簇"}
    },
    "criteria": {
      "iskallium": {
        "trigger": "minecraft:inventory_changed",
        "conditions": {
          "items": [
            {
              "items": [
                "the_vault:cluster_iskallium"
              ]
            }
          ]
        }
      },
      "gorginite": {
        "trigger": "minecraft:inventory_changed",
        "conditions": {
          "items": [
            {
              "items": [
                "the_vault:cluster_gorginite"
              ]
            }
          ]
        }
      },
      "sparkletine": {
        "trigger": "minecraft:inventory_changed",
        "conditions": {
          "items": [
            {
              "items": [
                "the_vault:cluster_sparkletine"
              ]
            }
          ]
        }
      },
      "ashium": {
        "trigger": "minecraft:inventory_changed",
        "conditions": {
          "items": [
            {
              "items": [
                "the_vault:cluster_ashium"
              ]
            }
          ]
        }
      },
      "bomignite": {
        "trigger": "minecraft:inventory_changed",
        "conditions": {
          "items": [
            {
              "items": [
                "the_vault:cluster_bomignite"
              ]
            }
          ]
        }
      },
      "tubium": {
        "trigger": "minecraft:inventory_changed",
        "conditions": {
          "items": [
            {
              "items": [
                "the_vault:cluster_tubium"
              ]
            }
          ]
        }
      },
      "upaline": {
        "trigger": "minecraft:inventory_changed",
        "conditions": {
          "items": [
            {
              "items": [
                "the_vault:cluster_upaline"
              ]
            }
          ]
        }
      },
      "petzanite": {
        "trigger": "minecraft:inventory_changed",
        "conditions": {
          "items": [
            {
              "items": [
                "the_vault:cluster_petzanite"
              ]
            }
          ]
        }
      },
      "xeenium": {
        "trigger": "minecraft:inventory_changed",
        "conditions": {
          "items": [
            {
              "items": [
                "the_vault:cluster_xenium"
              ]
            }
          ]
        }
      }
    },
    "requirements": [
        ["iskallium","gorginite","sparkletine","ashium","bomignite","tubium","upaline","petzanite","xeenium"]
    ]
  }