{
    "parent": "izzy_vault:gems/single_extraordinary",
    "display": {
      "icon": {
        "item": "the_vault:echo_pog"
      },
      "title": {"text": "POG、POG、POG"},
      "description": {"text": "获得一个共鸣POG"}
    },
    "criteria": {
      "craft_item": {
        "trigger": "minecraft:inventory_changed",
        "conditions": {
          "items": [
            {
              "items": [
                "the_vault:echo_pog"
              ]
            }
          ]
        }
      }
    }
  }