{
    "parent": "izzy_vault:gems/single_gem",
    "display": {
      "icon": {
        "item": "the_vault:gemstone"
      },
      "title": {"text": "压力之下"},
      "description": {"text": "获得一个晶石"}
    },
    "criteria": {
      "gorginite": {
        "trigger": "minecraft:inventory_changed",
        "conditions": {
          "items": [
            {
              "items": [
                "the_vault:gemstone"
              ]
            }
          ]
        }
      }
    },
    "requirements": [
      ["gorginite"]
    ]
  }