{
    "parent": "izzy_vault:materials/silver_scrap",
    "display": {
      "icon": {
        "item": "the_vault:jewel"
      },
      "title": {"text": "珠光宝气"},
      "description": {"text": "制作或获得一个珠宝"}
    },
    "criteria": {
      "gorginite": {
        "trigger": "minecraft:inventory_changed",
        "conditions": {
          "items": [
            {
              "items": [
                "the_vault:jewel"
              ]
            }
          ]
        }
      }
    },
    "requirements": [
      ["gorginite"]
    ]
  }