{
    "parent": "izzy_vault:gems/chunk",
    "display": {
        "icon": {
            "item": "the_vault:omega_pog"
        },
        "title": {
            "text": "终极宝石！"
        },
        "description": [
            "",
            {
                "text": "它的色彩足够你欣赏几个小时",
                "italic": true
            },
            {
                "text": "\n获得一块终极POG"
            }
        ],
        "frame": "challenge"
    },
    "criteria": {
        "craft_item": {
            "trigger": "minecraft:inventory_changed",
            "conditions": {
                "items": [
                    {
                        "items": [
                            "the_vault:omega_pog"
                        ]
                    }
                ]
            }
        }
    }
}