{
    "parent": "izzy_vault:gems/single_gem",
    "display": {
        "icon": {
            "item": "the_vault:gem_pog"
        },
        "title": {
            "text": "可以用来买豪车了"
        },
        "description": {
            "text": "获得一个POG"
        }
    },
    "criteria": {
        "craft_item": {
            "trigger": "minecraft:inventory_changed",
            "conditions": {
                "items": [
                    {
                        "items": [
                            "the_vault:gem_pog"
                        ]
                    }
                ]
            }
        }
    }
}