{
    "parent": "izzy_vault:gems/single_perfect",
    "display": {
        "icon": {
            "item": "the_vault:extraordinary_larimar"
        },
        "title": {
            "text": "特别而平凡"
        },
        "description": {
            "text": "制作一个非凡宝石"
        }
    },
    "criteria": {
        "benitoite": {
            "trigger": "minecraft:inventory_changed",
            "conditions": {
                "items": [
                    {
                        "items": [
                            "the_vault:extraordinary_benitoite"
                        ]
                    }
                ]
            }
        },
        "larimar": {
            "trigger": "minecraft:inventory_changed",
            "conditions": {
                "items": [
                    {
                        "items": [
                            "the_vault:extraordinary_larimar"
                        ]
                    }
                ]
            }
        },
        "alexandrite": {
            "trigger": "minecraft:inventory_changed",
            "conditions": {
                "items": [
                    {
                        "items": [
                            "the_vault:extraordinary_alexandrite"
                        ]
                    }
                ]
            }
        },
        "wutodie": {
            "trigger": "minecraft:inventory_changed",
            "conditions": {
                "items": [
                    {
                        "items": [
                            "the_vault:extraordinary_wutodie"
                        ]
                    }
                ]
            }
        },
        "painite": {
            "trigger": "minecraft:inventory_changed",
            "conditions": {
                "items": [
                    {
                        "items": [
                            "the_vault:extraordinary_painite"
                        ]
                    }
                ]
            }
        },
        "black_opal": {
            "trigger": "minecraft:inventory_changed",
            "conditions": {
                "items": [
                    {
                        "items": [
                            "the_vault:extraordinary_black_opal"
                        ]
                    }
                ]
            }
        },
        "echo": {
            "trigger": "minecraft:inventory_changed",
            "conditions": {
                "items": [
                    {
                        "items": [
                            "the_vault:extraordinary_echo_gem"
                        ]
                    }
                ]
            }
        }
    },
    "requirements": [
        [
            "benitoite",
            "larimar",
            "alexandrite",
            "wutodie",
            "painite",
            "black_opal",
            "echo"
        ]
    ]
}