{
    "parent": "izzy_vault:catalyst/vault_catalyst",
    "display": {
      "icon": {
        "item": "the_vault:banished_soul"
      },
      "title": {"text": "这是简单模式吗？"},
      "description": {"text": "制作一个放逐之魂"}
    },
    "criteria": {
      "craft_item": {
        "trigger": "minecraft:inventory_changed",
        "conditions": {
          "items": [
            {
              "items": [
                "the_vault:banished_soul"
              ]
            }
          ]
        }
      }
    }
  }