{
    "parent": "izzy_vault:catalyst/vault_catalyst",
    "display": {
      "icon": {
        "item": "the_vault:catalyst_infusion_table"
      },
      "title": {"text": "制作宝库词缀"},
      "description": {"text": "制作一个催化剂灌注台"}
    },
    "criteria": {
      "craft_item": {
        "trigger": "minecraft:inventory_changed",
        "conditions": {
          "items": [
            {
              "items": [
                "the_vault:catalyst_infusion_table"
              ]
            }
          ]
        }
      }
    }
  }