{
    "parent": "izzy_vault:catalyst/infused_catalyst",
    "display": {
      "icon": {
        "item": "the_vault:vault_catalyst_chaos"
      },
      "title": {"text": "在疯狂中蓬勃发展"},
      "description": {"text": "获得一个混沌催化剂"}
    },
    "criteria": {
      "craft_item": {
        "trigger": "minecraft:inventory_changed",
        "conditions": {
          "items": [
            {
              "items": [
                "the_vault:vault_catalyst_chaos"
              ]
            }
          ]
        }
      }
    }
  }