{
    "parent": "izzy_vault:catalyst/afterlife",
    "display": {
        "icon": {
            "item": "the_vault:eye_of_avarice"
        },
        "title": {
            "text": "大师级拆解员"
        },
        "description": {
            "text": "获得一个贪婪之眼"
        }
    },
    "criteria": {
        "craft_item": {
            "trigger": "minecraft:inventory_changed",
            "conditions": {
                "items": [
                    {
                        "items": [
                            "the_vault:eye_of_avarice"
                        ]
                    }
                ]
            }
        }
    }
}