{
    "parent": "izzy_vault:catalyst/mote_clarity",
    "display": {
      "icon": {
        "item": "the_vault:mote_purity"
      },
      "title": {"text": "纯化溪流"},
      "description": {"text": "获得一个纯洁微核"}
    },
    "criteria": {
      "craft_item": {
        "trigger": "minecraft:inventory_changed",
        "conditions": {
          "items": [
            {
              "items": [
                "the_vault:mote_purity"
              ]
            }
          ]
        }
      }
    }
  }