{
    "parent": "izzy_vault:catalyst/vault_catalyst",
    "display": {
        "icon": {
            "item": "the_vault:mote_clarity"
        },
        "title": {
            "text": "明晰视野"
        },
        "description": {
            "text": "获得或制作一个纯净微核"
        }
    },
    "criteria": {
        "craft_item": {
            "trigger": "minecraft:inventory_changed",
            "conditions": {
                "items": [
                    {
                        "items": [
                            "the_vault:mote_clarity"
                        ]
                    }
                ]
            }
        }
    }
}