{
    "parent": "izzy_vault:catalyst/mote_purity",
    "display": {
        "icon": {
            "item": "the_vault:mote_sanctity"
        },
        "title": {
            "text": "神圣水晶"
        },
        "description": {
            "text": "获得一个圣洁微核"
        }
    },
    "criteria": {
        "craft_item": {
            "trigger": "minecraft:inventory_changed",
            "conditions": {
                "items": [
                    {
                        "items": [
                            "the_vault:mote_sanctity"
                        ]
                    }
                ]
            }
        }
    }
}