{
    "parent": "izzy_vault:catalyst/eye_of_avarice",
    "display": {
        "icon": {
            "item": "the_vault:phoenix_feather"
        },
        "title": {
            "text": "人寿保险"
        },
        "description": {
            "text": "制作一个凤凰之羽"
        }
    },
    "criteria": {
        "craft_item": {
            "trigger": "minecraft:inventory_changed",
            "conditions": {
                "items": [
                    {
                        "items": [
                            "the_vault:phoenix_feather"
                        ]
                    }
                ]
            }
        }
    }
}