{
    "parent": "izzy_vault:the_vault",
    "display": {
      "icon": {
        "item": "the_vault:vault_catalyst"
      },
      "title": {"text": "俗气的辅料"},
      "description": {"text": "制作一个宝库催化剂"}
    },
    "criteria": {
      "craft_item": {
        "trigger": "minecraft:inventory_changed",
        "conditions": {
          "items": [
            {
              "items": [
                "the_vault:vault_catalyst"
              ]
            }
          ]
        }
      }
    }
  }