{
    "parent": "izzy_vault:catalyst/vault_catalyst",
    "display": {
        "icon": {
            "item": "the_vault:soul_flame"
        },
        "title": {
            "text": "死亡不掉落"
        },
        "description": {
            "text": "制作一个灵魂之火"
        }
    },
    "criteria": {
        "craft_item": {
            "trigger": "minecraft:inventory_changed",
            "conditions": {
                "items": [
                    {
                        "items": [
                            "the_vault:soul_flame"
                        ]
                    }
                ]
            }
        }
    }
}