{
    "parent": "izzy_vault:catalyst/catalyst_infustion_table",
    "display": {
        "icon": {
            "item": "the_vault:vault_catalyst_infused"
        },
        "title": {
            "text": "宝库世界的原始力量"
        },
        "description": {
            "text": "灌注一个宝库催化剂"
        }
    },
    "criteria": {
        "craft_item": {
            "trigger": "minecraft:inventory_changed",
            "conditions": {
                "items": [
                    {
                        "items": [
                            "the_vault:vault_catalyst_infused"
                        ]
                    }
                ]
            }
        }
    }
}