{
  "display": {
    "title": {
      "text": "\u5b9d\u85cf\u730e\u4eba"
    },
    "description": {
      "text": "\u6b22\u8fce\u6765\u5230\u00a7e\u5b9d\u85cf\u730e\u4eba3\u00a7f\u6574\u5408\u5305"
    },
    "icon": {
      "item": "the_vault:vault_artifact",
      "nbt": "{CustomModelData:12}"
    },
    "frame": "task",
    "show_toast": false,
    "announce_to_chat": false,
    "background": "the_vault:textures/block/polished_vault_stone.png"
  },
  "criteria": {
    "entered_vault": {
      "trigger": "minecraft:tick"
    }
  }
}