{
    "parent": "izzy_vault:items/regret_orb",
    "display": {
        "icon": {
            "item": "the_vault:neuralizer"
        },
        "title": {
            "text": "直视光源"
        },
        "description": {
            "text": "制作一个专精重置棒"
        },
        "frame": "goal"
    },
    "criteria": {
        "craft_item": {
            "trigger": "minecraft:inventory_changed",
            "conditions": {
                "items": [
                    {
                        "items": [
                            "the_vault:neuralizer"
                        ]
                    }
                ]
            }
        }
    }
}