{
    "parent": "izzy_vault:the_vault",
    "display": {
        "icon": {
            "item": "the_vault:old_notes"
        },
        "title": {
            "text": "古老的笔记"
        },
        "description": [
            "",
            {
                "text": "真的很古老",
                "italic": true
            },
            {
                "text": "\n获得一个古旧笔记"
            }
        ],
        "frame": "challenge"
    },
    "criteria": {
        "craft_item": {
            "trigger": "minecraft:inventory_changed",
            "conditions": {
                "items": [
                    {
                        "items": [
                            "the_vault:old_notes"
                        ]
                    }
                ]
            }
        }
    }
}