{
    "parent": "izzy_vault:the_vault",
    "display": {
        "icon": {
            "item": "the_vault:bottle",
            "nbt": "{type:'vial'}"
        },
        "title": {
            "text": "宝库世界的圣水"
        },
        "description": {
            "text": "制作一个宝库药剂"
        }
    },
    "criteria": {
        "craft_item": {
            "trigger": "minecraft:inventory_changed",
            "conditions": {
                "items": [
                    {
                        "items": [
                            "the_vault:bottle"
                        ]
                    }
                ]
            }
        }
    }
}