{
    "parent": "izzy_vault:materials/regret_nugget",
    "display": {
        "icon": {
            "item": "the_vault:regret_orb"
        },
        "title": {
            "text": "时光倒流"
        },
        "description": {
            "text": "制作一个悔憾宝珠"
        }
    },
    "criteria": {
        "craft_item": {
            "trigger": "minecraft:inventory_changed",
            "conditions": {
                "items": [
                    {
                        "items": [
                            "the_vault:regret_orb"
                        ]
                    }
                ]
            }
        }
    }
}