{
    "parent": "izzy_vault:items/shard_pouch",
    "display": {
        "icon": {
            "item": "the_vault:unknown_item"
        },
        "title": {
            "text": "等待一次好交易"
        },
        "description": [
            "",
            {
                "text": "你也许还在等下去……",
                "italic": true
            },
            {
                "text": "\n在碎片袋中收集5000个灵魂碎片"
            }
        ],
        "hidden": true,
        "frame": "challenge"
    },
    "criteria": {
        "95": {
            "trigger": "minecraft:inventory_changed",
            "conditions": {
                "items": [
                    {
                        "items": [
                            "the_vault:shard_pouch"
                        ],
                        "nbt": "{Inventory:{StackSize:4995}}"
                    }
                ]
            }
        },
        "96": {
            "trigger": "minecraft:inventory_changed",
            "conditions": {
                "items": [
                    {
                        "items": [
                            "the_vault:shard_pouch"
                        ],
                        "nbt": "{Inventory:{StackSize:4996}}"
                    }
                ]
            }
        },
        "97": {
            "trigger": "minecraft:inventory_changed",
            "conditions": {
                "items": [
                    {
                        "items": [
                            "the_vault:shard_pouch"
                        ],
                        "nbt": "{Inventory:{StackSize:4997}}"
                    }
                ]
            }
        },
        "98": {
            "trigger": "minecraft:inventory_changed",
            "conditions": {
                "items": [
                    {
                        "items": [
                            "the_vault:shard_pouch"
                        ],
                        "nbt": "{Inventory:{StackSize:4998}}"
                    }
                ]
            }
        },
        "99": {
            "trigger": "minecraft:inventory_changed",
            "conditions": {
                "items": [
                    {
                        "items": [
                            "the_vault:shard_pouch"
                        ],
                        "nbt": "{Inventory:{StackSize:4999}}"
                    }
                ]
            }
        },
        "00": {
            "trigger": "minecraft:inventory_changed",
            "conditions": {
                "items": [
                    {
                        "items": [
                            "the_vault:shard_pouch"
                        ],
                        "nbt": "{Inventory:{StackSize:5000}}"
                    }
                ]
            }
        },
        "01": {
            "trigger": "minecraft:inventory_changed",
            "conditions": {
                "items": [
                    {
                        "items": [
                            "the_vault:shard_pouch"
                        ],
                        "nbt": "{Inventory:{StackSize:5001}}"
                    }
                ]
            }
        },
        "02": {
            "trigger": "minecraft:inventory_changed",
            "conditions": {
                "items": [
                    {
                        "items": [
                            "the_vault:shard_pouch"
                        ],
                        "nbt": "{Inventory:{StackSize:5002}}"
                    }
                ]
            }
        },
        "03": {
            "trigger": "minecraft:inventory_changed",
            "conditions": {
                "items": [
                    {
                        "items": [
                            "the_vault:shard_pouch"
                        ],
                        "nbt": "{Inventory:{StackSize:5003}}"
                    }
                ]
            }
        },
        "04": {
            "trigger": "minecraft:inventory_changed",
            "conditions": {
                "items": [
                    {
                        "items": [
                            "the_vault:shard_pouch"
                        ],
                        "nbt": "{Inventory:{StackSize:5004}}"
                    }
                ]
            }
        },
        "05": {
            "trigger": "minecraft:inventory_changed",
            "conditions": {
                "items": [
                    {
                        "items": [
                            "the_vault:shard_pouch"
                        ],
                        "nbt": "{Inventory:{StackSize:5005}}"
                    }
                ]
            }
        }
    },
    "requirements": [
        [
            "95",
            "96",
            "97",
            "98",
            "99",
            "00",
            "01",
            "02",
            "03",
            "04",
            "05"
        ]
    ]
}