{
    "parent": "izzy_vault:the_vault",
    "display": {
        "icon": {
            "item": "the_vault:idol_timekeeper"
        },
        "title": {
            "text": "下一件永远是最好的"
        },
        "description": {
            "text": "获得或制作一个宝库装备"
        }
    },
    "criteria": {
        "sword": {
            "trigger": "minecraft:inventory_changed",
            "conditions": {
                "items": [
                    {
                        "items": [
                            "the_vault:sword"
                        ]
                    }
                ]
            }
        },
        "axe": {
            "trigger": "minecraft:inventory_changed",
            "conditions": {
                "items": [
                    {
                        "items": [
                            "the_vault:axe"
                        ]
                    }
                ]
            }
        },
        "helmet": {
            "trigger": "minecraft:inventory_changed",
            "conditions": {
                "items": [
                    {
                        "items": [
                            "the_vault:helmet"
                        ]
                    }
                ]
            }
        },
        "chestplate": {
            "trigger": "minecraft:inventory_changed",
            "conditions": {
                "items": [
                    {
                        "items": [
                            "the_vault:chestplate"
                        ]
                    }
                ]
            }
        },
        "leggings": {
            "trigger": "minecraft:inventory_changed",
            "conditions": {
                "items": [
                    {
                        "items": [
                            "the_vault:leggings"
                        ]
                    }
                ]
            }
        },
        "boots": {
            "trigger": "minecraft:inventory_changed",
            "conditions": {
                "items": [
                    {
                        "items": [
                            "the_vault:boots"
                        ]
                    }
                ]
            }
        },
        "shield": {
            "trigger": "minecraft:inventory_changed",
            "conditions": {
                "items": [
                    {
                        "items": [
                            "the_vault:shield"
                        ]
                    }
                ]
            }
        },
        "idol_benevolent": {
            "trigger": "minecraft:inventory_changed",
            "conditions": {
                "items": [
                    {
                        "items": [
                            "the_vault:idol_benevolent"
                        ]
                    }
                ]
            }
        },
        "idol_omniscient": {
            "trigger": "minecraft:inventory_changed",
            "conditions": {
                "items": [
                    {
                        "items": [
                            "the_vault:idol_omniscient"
                        ]
                    }
                ]
            }
        },
        "idol_timekeeper": {
            "trigger": "minecraft:inventory_changed",
            "conditions": {
                "items": [
                    {
                        "items": [
                            "the_vault:idol_timekeeper"
                        ]
                    }
                ]
            }
        },
        "idol_malevolence": {
            "trigger": "minecraft:inventory_changed",
            "conditions": {
                "items": [
                    {
                        "items": [
                            "the_vault:idol_malevolence"
                        ]
                    }
                ]
            }
        }
    },
    "requirements": [
        [
            "sword",
            "axe",
            "helmet",
            "chestplate",
            "leggings",
            "boots",
            "shield",
            "idol_benevolent",
            "idol_omniscient",
            "idol_timekeeper",
            "idol_malevolence"
        ]
    ]
}