{
    "parent": "izzy_vault:the_vault",
    "display": {
        "icon": {
            "item": "the_vault:vault_compass"
        },
        "title": {
            "text": "家的方向"
        },
        "description": {
            "text": "制作一个宝藏罗盘"
        }
    },
    "criteria": {
        "craft_item": {
            "trigger": "minecraft:inventory_changed",
            "conditions": {
                "items": [
                    {
                        "items": [
                            "the_vault:vault_compass"
                        ]
                    }
                ]
            }
        }
    }
}