{
    "parent": "izzy_vault:items/vault_fruit",
    "display": {
        "icon": {
            "item": "the_vault:sweet_kiwi"
        },
        "title": {
            "text": "水果沙拉"
        },
        "description": [
            "",
            {
                "text": "而且它真好吃，太好吃了！",
                "italic": true
            },
            {
                "text": "\n获得所有种类的宝库水果"
            }
        ],
        "frame": "challenge",
        "hidden": true
    },
    "criteria": {
        "kiwi": {
            "trigger": "minecraft:inventory_changed",
            "conditions": {
                "items": [
                    {
                        "items": [
                            "the_vault:sweet_kiwi"
                        ]
                    }
                ]
            }
        },
        "lemon": {
            "trigger": "minecraft:inventory_changed",
            "conditions": {
                "items": [
                    {
                        "items": [
                            "the_vault:bitter_lemon"
                        ]
                    }
                ]
            }
        },
        "orange": {
            "trigger": "minecraft:inventory_changed",
            "conditions": {
                "items": [
                    {
                        "items": [
                            "the_vault:sour_orange"
                        ]
                    }
                ]
            }
        }
    },
    "requirements": [
        [
            "kiwi"
        ],
        [
            "lemon"
        ],
        [
            "orange"
        ]
    ]
}