{
    "parent": "izzy_vault:items/relic_booster",
    "display": {
        "icon": {
            "item": "the_vault:vault_relic_fragment",
            "nbt": "{VaultModelId:\"the_vault:relic/elemental/frag5\"}"
        },
        "title": {
            "text": "纪念碑的碎片"
        },
        "description": {
            "text": "鉴定一个宝库遗物碎片"
        }
    },
    "criteria": {
        "craft_item": {
            "trigger": "minecraft:inventory_changed",
            "conditions": {
                "items": [
                    {
                        "items": [
                            "the_vault:vault_relic_fragment"
                        ]
                    }
                ]
            }
        }
    }
}