{
    "parent": "izzy_vault:blocks/crate",
    "display": {
        "icon": {
            "item": "the_vault:unidentified_artifact"
        },
        "title": {
            "text": "失落的知识"
        },
        "description": [
            "",
            {
                "text": "很快将会找回的知识",
                "italic": true
            },
            {
                "text": "\n获得一个未鉴定的文物"
            }
        ],
        "frame": "challenge",
        "hidden": true
    },
    "criteria": {
        "craft_item": {
            "trigger": "minecraft:inventory_changed",
            "conditions": {
                "items": [
                    {
                        "items": [
                            "the_vault:unidentified_artifact"
                        ]
                    }
                ]
            }
        }
    }
}