{
    "parent": "izzy_vault:gems/cluster",
    "display": {
        "icon": {
            "item": "the_vault:chunk_iskallium"
        },
        "title": {
            "text": "凝聚成块"
        },
        "description": {
            "text": "将独特的宝库宝石簇组合成块"
        }
    },
    "criteria": {
        "iskallium": {
            "trigger": "minecraft:inventory_changed",
            "conditions": {
                "items": [
                    {
                        "items": [
                            "the_vault:chunk_iskallium"
                        ]
                    }
                ]
            }
        },
        "gorginite": {
            "trigger": "minecraft:inventory_changed",
            "conditions": {
                "items": [
                    {
                        "items": [
                            "the_vault:chunk_gorginite"
                        ]
                    }
                ]
            }
        },
        "sparkletine": {
            "trigger": "minecraft:inventory_changed",
            "conditions": {
                "items": [
                    {
                        "items": [
                            "the_vault:chunk_sparkletine"
                        ]
                    }
                ]
            }
        },
        "ashium": {
            "trigger": "minecraft:inventory_changed",
            "conditions": {
                "items": [
                    {
                        "items": [
                            "the_vault:chunk_ashium"
                        ]
                    }
                ]
            }
        },
        "bomignite": {
            "trigger": "minecraft:inventory_changed",
            "conditions": {
                "items": [
                    {
                        "items": [
                            "the_vault:chunk_bomignite"
                        ]
                    }
                ]
            }
        },
        "tubium": {
            "trigger": "minecraft:inventory_changed",
            "conditions": {
                "items": [
                    {
                        "items": [
                            "the_vault:chunk_tubium"
                        ]
                    }
                ]
            }
        },
        "upaline": {
            "trigger": "minecraft:inventory_changed",
            "conditions": {
                "items": [
                    {
                        "items": [
                            "the_vault:chunk_upaline"
                        ]
                    }
                ]
            }
        },
        "petzanite": {
            "trigger": "minecraft:inventory_changed",
            "conditions": {
                "items": [
                    {
                        "items": [
                            "the_vault:chunk_petzanite"
                        ]
                    }
                ]
            }
        },
        "xeenium": {
            "trigger": "minecraft:inventory_changed",
            "conditions": {
                "items": [
                    {
                        "items": [
                            "the_vault:chunk_xenium"
                        ]
                    }
                ]
            }
        },
        "puffium": {
            "trigger": "minecraft:inventory_changed",
            "conditions": {
                "items": [
                    {
                        "items": [
                            "the_vault:chunk_puffium"
                        ]
                    }
                ]
            }
        }
    },
    "requirements": [
        [
            "iskallium",
            "gorginite",
            "sparkletine",
            "ashium",
            "bomignite",
            "tubium",
            "upaline",
            "petzanite",
            "xeenium",
            "puffium"
        ]
    ]
}