{
    "parent": "izzy_vault:gems/single_gem",
    "display": {
        "icon": {
            "item": "the_vault:perfect_larimar"
        },
        "title": {
            "text": "干净利落地切割"
        },
        "description": {
            "text": "制作一个完美宝石"
        }
    },
    "criteria": {
        "benitoite": {
            "trigger": "minecraft:inventory_changed",
            "conditions": {
                "items": [
                    {
                        "items": [
                            "the_vault:perfect_benitoite"
                        ]
                    }
                ]
            }
        },
        "larimar": {
            "trigger": "minecraft:inventory_changed",
            "conditions": {
                "items": [
                    {
                        "items": [
                            "the_vault:perfect_larimar"
                        ]
                    }
                ]
            }
        },
        "alexandrite": {
            "trigger": "minecraft:inventory_changed",
            "conditions": {
                "items": [
                    {
                        "items": [
                            "the_vault:perfect_alexandrite"
                        ]
                    }
                ]
            }
        },
        "wutodie": {
            "trigger": "minecraft:inventory_changed",
            "conditions": {
                "items": [
                    {
                        "items": [
                            "the_vault:perfect_wutodie"
                        ]
                    }
                ]
            }
        },
        "painite": {
            "trigger": "minecraft:inventory_changed",
            "conditions": {
                "items": [
                    {
                        "items": [
                            "the_vault:perfect_painite"
                        ]
                    }
                ]
            }
        },
        "black_opal": {
            "trigger": "minecraft:inventory_changed",
            "conditions": {
                "items": [
                    {
                        "items": [
                            "the_vault:perfect_black_opal"
                        ]
                    }
                ]
            }
        },
        "echo": {
            "trigger": "minecraft:inventory_changed",
            "conditions": {
                "items": [
                    {
                        "items": [
                            "the_vault:perfect_echo_gem"
                        ]
                    }
                ]
            }
        }
    },
    "requirements": [
        [
            "benitoite",
            "larimar",
            "alexandrite",
            "wutodie",
            "painite",
            "black_opal",
            "echo"
        ]
    ]
}