{
    "parent": "izzy_vault:the_vault",
    "display": {
        "icon": {
            "item": "the_vault:magnetite"
        },
        "title": {
            "text": "强大的吸引力"
        },
        "description": {
            "text": "获得一个磁铁矿"
        },
        "announce_to_chat": false
    },
    "criteria": {
        "craft_item": {
            "trigger": "minecraft:inventory_changed",
            "conditions": {
                "items": [
                    {
                        "items": [
                            "the_vault:magnetite"
                        ]
                    }
                ]
            }
        }
    }
}