{
    "parent": "izzy_vault:magnets/magnet",
    "display": {
        "icon": {
            "item": "the_vault:demagnetizer"
        },
        "title": {
            "text": "拒绝"
        },
        "description": {
            "text": "制作一个去磁器"
        }
    },
    "criteria": {
        "craft_item": {
            "trigger": "minecraft:inventory_changed",
            "conditions": {
                "items": [
                    {
                        "items": [
                            "the_vault:demagnetizer"
                        ]
                    }
                ]
            }
        }
    }
}