{
    "parent": "izzy_vault:keys/gem_key",
    "display": {
        "icon": {
            "item": "the_vault:unidentified_treasure_key"
        },
        "title": {
            "text": "墙上的门"
        },
        "description": [
            "",
            {
                "text": "我想知道他们是不是也在门里面",
                "italic": true
            },
            {
                "text": "\n用镶嵌宝石的钥匙开启宝藏房"
            }
        ],
        "frame": "challenge"
    },
    "criteria": {
        "iskallium": {
            "trigger": "minecraft:item_used_on_block",
            "conditions": {
                "item": {
                    "items": [
                        "the_vault:key_iskallium"
                    ]
                },
                "location": {
                    "block": {
                        "blocks": [
                            "the_vault:treasure_door"
                        ],
                        "state": {
                            "type": "iskallium"
                        }
                    }
                }
            }
        },
        "gorginite": {
            "trigger": "minecraft:item_used_on_block",
            "conditions": {
                "item": {
                    "items": [
                        "the_vault:key_gorginite"
                    ]
                },
                "location": {
                    "block": {
                        "blocks": [
                            "the_vault:treasure_door"
                        ],
                        "state": {
                            "type": "gorginite"
                        }
                    }
                }
            }
        },
        "sparkletine": {
            "trigger": "minecraft:item_used_on_block",
            "conditions": {
                "item": {
                    "items": [
                        "the_vault:key_sparkletine"
                    ]
                },
                "location": {
                    "block": {
                        "blocks": [
                            "the_vault:treasure_door"
                        ],
                        "state": {
                            "type": "sparkletine"
                        }
                    }
                }
            }
        },
        "ashium": {
            "trigger": "minecraft:item_used_on_block",
            "conditions": {
                "item": {
                    "items": [
                        "the_vault:key_ashium"
                    ]
                },
                "location": {
                    "block": {
                        "blocks": [
                            "the_vault:treasure_door"
                        ],
                        "state": {
                            "type": "ashium"
                        }
                    }
                }
            }
        },
        "bomignite": {
            "trigger": "minecraft:item_used_on_block",
            "conditions": {
                "item": {
                    "items": [
                        "the_vault:key_bomignite"
                    ]
                },
                "location": {
                    "block": {
                        "blocks": [
                            "the_vault:treasure_door"
                        ],
                        "state": {
                            "type": "bomignite"
                        }
                    }
                }
            }
        },
        "tubium": {
            "trigger": "minecraft:item_used_on_block",
            "conditions": {
                "item": {
                    "items": [
                        "the_vault:key_tubium"
                    ]
                },
                "location": {
                    "block": {
                        "blocks": [
                            "the_vault:treasure_door"
                        ],
                        "state": {
                            "type": "tubium"
                        }
                    }
                }
            }
        },
        "upaline": {
            "trigger": "minecraft:item_used_on_block",
            "conditions": {
                "item": {
                    "items": [
                        "the_vault:key_upaline"
                    ]
                },
                "location": {
                    "block": {
                        "blocks": [
                            "the_vault:treasure_door"
                        ],
                        "state": {
                            "type": "upaline"
                        }
                    }
                }
            }
        },
        "petzanite": {
            "trigger": "minecraft:item_used_on_block",
            "conditions": {
                "item": {
                    "items": [
                        "the_vault:key_petzanite"
                    ]
                },
                "location": {
                    "block": {
                        "blocks": [
                            "the_vault:treasure_door"
                        ],
                        "state": {
                            "type": "petzanite"
                        }
                    }
                }
            }
        },
        "xeenium": {
            "trigger": "minecraft:item_used_on_block",
            "conditions": {
                "item": {
                    "items": [
                        "the_vault:key_xenium"
                    ]
                },
                "location": {
                    "block": {
                        "blocks": [
                            "the_vault:treasure_door"
                        ],
                        "state": {
                            "type": "xenium"
                        }
                    }
                }
            }
        },
        "puffium": {
            "trigger": "minecraft:item_used_on_block",
            "conditions": {
                "item": {
                    "items": [
                        "the_vault:key_puffium"
                    ]
                },
                "location": {
                    "block": {
                        "blocks": [
                            "the_vault:treasure_door"
                        ],
                        "state": {
                            "type": "puffium"
                        }
                    }
                }
            }
        }
    },
    "requirements": [
        [
            "iskallium",
            "gorginite",
            "sparkletine",
            "ashium",
            "bomignite",
            "tubium",
            "upaline",
            "petzanite",
            "xeenium",
            "puffium"
        ]
    ]
}