{
    "parent": "izzy_vault:keys/broken_key",
    "display": {
        "icon": {
            "item": "the_vault:key_mould"
        },
        "title": {
            "text": "模板"
        },
        "description": {
            "text": "制作一个钥匙框架"
        }
    },
    "criteria": {
        "craft_item": {
            "trigger": "minecraft:inventory_changed",
            "conditions": {
                "items": [
                    {
                        "items": [
                            "the_vault:key_mould"
                        ]
                    }
                ]
            }
        }
    }
}