{
    "parent": "izzy_vault:burger/plain",
    "display": {
      "icon": {
        "item": "the_vault:cheese_burger"
      },
      "title": {"text": "更加好吃"},
      "description": {"text": "制作一个芝士汉堡"}
    },
    "criteria": {
      "craft_cheese_burger": {
        "trigger": "minecraft:inventory_changed",
        "conditions": {
          "items": [
            {
              "items": [
                "the_vault:cheese_burger"
              ]
            }
          ]
        }
      }
    }
}