{
    "parent": "izzy_vault:burger/double",
    "display": {
      "icon": {
        "item": "the_vault:deluxe_cheese_burger"
      },
      "title": {"text": "现在加入蔬菜"},
      "description": {"text": "制作一个豪华芝士汉堡"}
    },
    "criteria": {
      "craft_deluxe_cheese_burger": {
        "trigger": "minecraft:inventory_changed",
        "conditions": {
          "items": [
            {
              "items": [
                "the_vault:deluxe_cheese_burger"
              ]
            }
          ]
        }
      }
    }
}