{
    "parent": "izzy_vault:burger/cheese",
    "display": {
      "icon": {
        "item": "the_vault:double_cheese_burger"
      },
      "title": {"text": "再加入更多的牛"},
      "description": {"text": "制作一个双层芝士汉堡"}
    },
    "criteria": {
      "craft_double_cheese_burger": {
        "trigger": "minecraft:inventory_changed",
        "conditions": {
          "items": [
            {
              "items": [
                "the_vault:double_cheese_burger"
              ]
            }
          ]
        }
      }
    }
}