{
    "parent": "izzy_vault:burger/salty",
    "display": {
      "icon": {
        "item": "the_vault:cheese_burger_feast"
      },
      "title": {"text": "足够午饭和晚饭"},
      "description": {"text": "制作一个芝士汉堡盛宴"}
    },
    "criteria": {
      "craft_cheese_burger_feast": {
        "trigger": "minecraft:inventory_changed",
        "conditions": {
          "items": [
            {
              "items": [
                "the_vault:cheese_burger_feast"
              ]
            }
          ]
        }
      }
    }
}