{
    "parent": "izzy_vault:the_vault",
    "display": {
      "icon": {
        "item": "the_vault:plain_burger"
      },
      "title": {"text": "美味佳肴"},
      "description": {"text": "制作一个汉堡"}
    },
    "criteria": {
      "craft_plain_burger": {
        "trigger": "minecraft:inventory_changed",
        "conditions": {
          "items": [
            {
              "items": [
                "the_vault:plain_burger"
              ]
            }
          ]
        }
      }
    }
}