{
    "parent": "izzy_vault:burger/crispy",
    "display": {
      "icon": {
        "item": "the_vault:salty_deluxe_cheese_burger"
      },
      "title": {"text": "美味蟹黄堡"},
      "description": {"text": "制作一个咸味豪华芝士汉堡"}
    },
    "criteria": {
      "craft_salty_deluxe_cheese_burger": {
        "trigger": "minecraft:inventory_changed",
        "conditions": {
          "items": [
            {
              "items": [
                "the_vault:salty_deluxe_cheese_burger"
              ]
            }
          ]
        }
      }
    }
}