{
  "parent": "izzy_vault:chipped_vault_rock",
  "display": {
    "icon": {
      "item": "the_vault:vault_rock"
    },
    "title": {
      "text": "纯粹的石头材料"
    },
    "description": {
      "text": "制作一个宝库之石"
    }
  },
  "criteria": {
    "craft_vault_rock": {
      "trigger": "minecraft:inventory_changed",
      "conditions": {
        "items": [
          {
            "items": [
              "the_vault:vault_rock"
            ]
          }
        ]
      }
    }
  }
}