{
    "parent": "izzy_vault:magnets/raw_magnetite",
    "display": {
      "icon": {
        "item": "the_vault:magnetite_ingot"
      },
      "title": {"text": "磁性拒斥"},
      "description": {"text": "制作一个磁铁矿锭"}
    },
    "criteria": {
      "craft_item": {
        "trigger": "minecraft:inventory_changed",
        "conditions": {
          "items": [
            {
              "items": [
                "the_vault:magnetite_ingot"
              ]
            }
          ]
        }
      }
    }
  }