{
    "parent": "izzy_vault:magnets/magnetite_ingot",
    "display": {
      "icon": {
        "item": "the_vault:magnet"
      },
      "title": {"text": "被你所吸引"},
      "description": {"text": "制作或获得一个磁铁"}
    },
    "criteria": {
      "craft_item": {
        "trigger": "minecraft:inventory_changed",
        "conditions": {
          "items": [
            {
              "items": [
                "the_vault:magnet"
              ]
            }
          ]
        }
      }
    }
  }