{
    "parent": "izzy_vault:materials/chromatic_steel",
    "display": {
        "icon": {
            "item": "the_vault:black_chromatic_steel_ingot"
        },
        "title": {
            "text": "深色模式的钢锭"
        },
        "description": {
            "text": "制作一个漆黑异色钢锭"
        }
    },
    "criteria": {
        "craft_item": {
            "trigger": "minecraft:inventory_changed",
            "conditions": {
                "items": [
                    {
                        "items": [
                            "the_vault:black_chromatic_steel_ingot"
                        ]
                    }
                ]
            }
        }
    }
}