{
    "parent": "izzy_vault:materials/vault_essence",
    "display": {
        "icon": {
            "item": "the_vault:red_vault_essence"
        },
        "title": {
            "text": "红色让它快速运行"
        },
        "description": {
            "text": "制作一个红色宝库精华"
        }
    },
    "criteria": {
        "craft_item": {
            "trigger": "minecraft:inventory_changed",
            "conditions": {
                "items": [
                    {
                        "items": [
                            "the_vault:red_vault_essence"
                        ]
                    }
                ]
            }
        }
    }
}