{
    "parent": "izzy_vault:gems/gemstone",
    "display": {
        "icon": {
            "item": "the_vault:silver_scrap"
        },
        "title": {
            "text": "闪亮的废料"
        },
        "description": {
            "text": "获得一些银废料"
        },
        "announce_to_chat": false
    },
    "criteria": {
        "craft_item": {
            "trigger": "minecraft:inventory_changed",
            "conditions": {
                "items": [
                    {
                        "items": [
                            "the_vault:silver_scrap"
                        ]
                    }
                ]
            }
        }
    }
}