{
    "parent": "izzy_vault:materials/vault_ingot",
    "display": {
        "icon": {
            "item": "the_vault:vault_alloy"
        },
        "title": {
            "text": "是时候堆在一起了"
        },
        "description": {
            "text": "制作一个宝库合金"
        }
    },
    "criteria": {
        "craft_item": {
            "trigger": "minecraft:inventory_changed",
            "conditions": {
                "items": [
                    {
                        "items": [
                            "the_vault:vault_alloy"
                        ]
                    }
                ]
            }
        }
    }
}