{
    "parent": "izzy_vault:materials/vault_nugget",
    "display": {
        "icon": {
            "item": "the_vault:vault_plating"
        },
        "title": {
            "text": "坚固板材"
        },
        "description": {
            "text": "获得一些宝库金属板"
        },
        "announce_to_chat": false
    },
    "criteria": {
        "craft_item": {
            "trigger": "minecraft:inventory_changed",
            "conditions": {
                "items": [
                    {
                        "items": [
                            "the_vault:vault_plating"
                        ]
                    }
                ]
            }
        }
    }
}