{
    "parent": "izzy_vault:focus/fund_focus",
    "display": {
      "icon": {
        "item": "the_vault:chaotic_focus"
      },
      "title": {"text": "混沌控制"},
      "description": {"text": "获得一个混沌透镜"}
    },
    "criteria": {
      "craft_item": {
        "trigger": "minecraft:inventory_changed",
        "conditions": {
          "items": [
            {
              "items": [
                "the_vault:chaotic_focus"
              ]
            }
          ]
        }
      }
    }
  }