{
    "parent": "izzy_vault:focus/res_focus",
    "display": {
      "icon": {
        "item": "the_vault:fundamental_focus"
      },
      "title": {"text": "重返校园"},
      "description": {"text": "获得一个基础透镜"}
    },
    "criteria": {
      "craft_item": {
        "trigger": "minecraft:inventory_changed",
        "conditions": {
          "items": [
            {
              "items": [
                "the_vault:fundamental_focus"
              ]
            }
          ]
        }
      }
    }
  }