{
    "parent": "izzy_vault:blocks/vault_artisan",
    "display": {
      "icon": {
        "item": "the_vault:opportunistic_focus"
      },
      "title": {"text": "好机会"},
      "description": {"text": "获得一个机会透镜"}
    },
    "criteria": {
      "craft_item": {
        "trigger": "minecraft:inventory_changed",
        "conditions": {
          "items": [
            {
              "items": [
                "the_vault:opportunistic_focus"
              ]
            }
          ]
        }
      }
    }
  }