{
    "parent": "izzy_vault:focus/oppor_focus",
    "display": {
      "icon": {
        "item": "the_vault:resilient_focus"
      },
      "title": {"text": "反弹"},
      "description": {"text": "获得一个弹韧透镜"}
    },
    "criteria": {
      "craft_item": {
        "trigger": "minecraft:inventory_changed",
        "conditions": {
          "items": [
            {
              "items": [
                "the_vault:resilient_focus"
              ]
            }
          ]
        }
      }
    }
  }