{
    "parent": "izzy_vault:focus/faceted_focus",
    "display": {
      "icon": {
        "item": "the_vault:waxing_focus"
      },
      "title": {"text": "满月将近"},
      "description": {"text": "获得一个月盈透镜"}
    },
    "criteria": {
      "craft_item": {
        "trigger": "minecraft:inventory_changed",
        "conditions": {
          "items": [
            {
              "items": [
                "the_vault:waxing_focus"
              ]
            }
          ]
        }
      }
    }
  }