{
    "parent": "izzy_vault:focus/null_focus",
    "display": {
        "icon": {
            "item": "the_vault:faceted_focus"
        },
        "title": {
            "text": "就像是类型播放列表"
        },
        "description": {
            "text": "获得一个多重透镜"
        }
    },
    "criteria": {
        "craft_item": {
            "trigger": "minecraft:inventory_changed",
            "conditions": {
                "items": [
                    {
                        "items": [
                            "the_vault:faceted_focus"
                        ]
                    }
                ]
            }
        }
    }
}