{
    "parent": "izzy_vault:focus/amplify_focus",
    "display": {
        "icon": {
            "item": "the_vault:nullifying_focus"
        },
        "title": {
            "text": "无法转换失效的宝库词缀类型"
        },
        "description": {
            "text": "获得一个失效透镜"
        }
    },
    "criteria": {
        "craft_item": {
            "trigger": "minecraft:inventory_changed",
            "conditions": {
                "items": [
                    {
                        "items": [
                            "the_vault:nullifying_focus"
                        ]
                    }
                ]
            }
        }
    }
}