{
    "parent": "izzy_vault:chromatic_iron",
    "display": {
        "icon": {
            "item": "the_vault:chipped_vault_rock"
        },
        "title": {
            "text": "宝库碎片"
        },
        "description": {
            "text": "挖掘宝库石以获得破碎的宝库之石"
        }
    },
    "criteria": {
        "find_chipped_vault_rock": {
            "trigger": "minecraft:inventory_changed",
            "conditions": {
                "items": [
                    {
                        "items": [
                            "the_vault:chipped_vault_rock"
                        ]
                    }
                ]
            }
        }
    }
}