{
  "parent": "the_vault:main/root",
  "display": {
    "icon": {
      "item": "the_vault:raw_chromatic_iron"
    },
    "title": {"text": "一种新的金属"},
    "description": {"text": "获得一个粗异色铁"}
  },
  "criteria": {
    "find_raw_chromatic_iron": {
      "trigger": "minecraft:inventory_changed",
      "conditions": {
        "items": [
          {
            "items": [
              "the_vault:raw_chromatic_iron"
            ]
          }
        ]
      }
    }
  }
}