{
  "parent": "izzy_vault:vault_crystal",  
  "display": {
      "title": {
        "text": "宝库世界"
      },
      "description": ["",{"text": "有人说会有音乐响起","italic": true},{"text": "\n进入宝库世界的各种奇异房间"}],
      "icon": {
        "item": "the_vault:vault_bedrock"
      },
      "frame": "challenge",
      "show_toast": true,
      "announce_to_chat": true,
      "hidden": false
    },
    "criteria": {
        "entered_vault": {
            "trigger": "minecraft:enter_block",
            "conditions": {
              "block": "the_vault:vault_portal"
            }
        }
    }
}