{
    "parent": "izzy_vault:vault_altar",
    "display": {
        "icon": {
            "item": "the_vault:vault_crystal"
        },
        "title": {
            "text": "打开大门的水晶"
        },
        "description": {
            "text": "使用宝库祭坛制作一个宝库水晶"
        },
        "frame": "goal"
    },
    "criteria": {
        "craft_vault_crystal": {
            "trigger": "minecraft:inventory_changed",
            "conditions": {
                "items": [
                    {
                        "items": [
                            "the_vault:vault_crystal"
                        ]
                    }
                ]
            }
        }
    }
}