{
    "parent": "izzy_vault:vault_rock",
    "display": {
      "icon": {
        "item": "the_vault:vault_altar"
      },
      "title": {"text": "或者简称宝坛"},
      "description": {"text": "制作一个宝库祭坛"}
    },
    "criteria": {
      "craft_vault_altar": {
        "trigger": "minecraft:inventory_changed",
        "conditions": {
          "items": [
            {
              "items": [
                "the_vault:vault_altar"
              ]
            }
          ]
        }
      }
    }
}