{
    "parent": "izzy_vault:the_vault",
    "display": {
      "icon": {
        "item": "the_vault:key_piece"
      },
      "title": {"text": "碎裂的钥匙"},
      "description": {"text": "获得一个钥匙碎片"}
    },
    "criteria": {
      "craft_item": {
        "trigger": "minecraft:inventory_changed",
        "conditions": {
          "items": [
            {
              "items": [
                "the_vault:key_piece"
              ]
            }
          ]
        }
      }
    }
  }