{
    "parent": "izzy_vault:keys/key_fixed",
    "display": {
      "icon": {
        "item": "the_vault:key_iskallium"
      },
      "title": {"text": "色彩共鸣"},
      "description": {"text": "在铁砧上为钥匙镶嵌宝石"},
      "frame": "goal"
    },
    "criteria": {
      "iskallium": {
        "trigger": "minecraft:inventory_changed",
        "conditions": {
          "items": [
            {
              "items": [
                "the_vault:key_iskallium"
              ]
            }
          ]
        }
      },
      "gorginite": {
        "trigger": "minecraft:inventory_changed",
        "conditions": {
          "items": [
            {
              "items": [
                "the_vault:key_gorginite"
              ]
            }
          ]
        }
      },
      "sparkletine": {
        "trigger": "minecraft:inventory_changed",
        "conditions": {
          "items": [
            {
              "items": [
                "the_vault:key_sparkletine"
              ]
            }
          ]
        }
      },
      "ashium": {
        "trigger": "minecraft:inventory_changed",
        "conditions": {
          "items": [
            {
              "items": [
                "the_vault:key_ashium"
              ]
            }
          ]
        }
      },
      "bomignite": {
        "trigger": "minecraft:inventory_changed",
        "conditions": {
          "items": [
            {
              "items": [
                "the_vault:key_bomignite"
              ]
            }
          ]
        }
      },
      "tubium": {
        "trigger": "minecraft:inventory_changed",
        "conditions": {
          "items": [
            {
              "items": [
                "the_vault:key_tubium"
              ]
            }
          ]
        }
      },
      "upaline": {
        "trigger": "minecraft:inventory_changed",
        "conditions": {
          "items": [
            {
              "items": [
                "the_vault:key_upaline"
              ]
            }
          ]
        }
      },
      "petzanite": {
        "trigger": "minecraft:inventory_changed",
        "conditions": {
          "items": [
            {
              "items": [
                "the_vault:key_petzanite"
              ]
            }
          ]
        }
      },
      "xeenium": {
        "trigger": "minecraft:inventory_changed",
        "conditions": {
          "items": [
            {
              "items": [
                "the_vault:key_xenium"
              ]
            }
          ]
        }
      }
    },
    "requirements": [
        ["iskallium","gorginite","sparkletine","ashium","bomignite","tubium","upaline","petzanite","xeenium"]
    ]
  }