{
    "parent": "izzy_vault:keys/key_mould",
    "display": {
      "icon": {
        "item": "the_vault:blank_key"
      },
      "title": {"text": "万能钥匙"},
      "description": {"text": "修复一个钥匙"}
    },
    "criteria": {
      "craft_item": {
        "trigger": "minecraft:inventory_changed",
        "conditions": {
          "items": [
            {
              "items": [
                "the_vault:blank_key"
              ]
            }
          ]
        }
      }
    }
  }