{
  "parent": "izzy_vault:soul/ember",
  "display": {
    "icon": {
      "item": "the_vault:ascension_forge"
    },
    "title": {"text": "余烬中的火花"},
    "description": {"text": "制作一个升华锻炉"}
  },
  "criteria": {
    "craft_item": {
      "trigger": "minecraft:inventory_changed",
      "conditions": {
        "items": [
          {
            "items": [
              "the_vault:ascension_forge"
            ]
          }
        ]
      }
    }
  }
}