{
    "parent": "izzy_vault:soul/soul_flame",
    "display": {
      "icon": {
        "item": "the_vault:ember"
      },
      "title": {"text": "冷得古怪"},
      "description": {"text": "获得一个余烬"}
    },
    "criteria": {
      "craft_item": {
        "trigger": "minecraft:inventory_changed",
        "conditions": {
          "items": [
            {
              "items": [
                "the_vault:ember"
              ]
            }
          ]
        }
      }
    }
  }