{
    "parent": "izzy_vault:soul/soul_plaque_6",
    "display": {
      "icon": {
        "item": "the_vault:soul_plaque",
        "nbt": "{CustomModelData:7}"
      },
      "title": {"text": "灵魂之匾 - 7级"},
      "description":{"text": "获得7级或以上的灵魂之匾（完成30次或以上）"},
      "announce_to_chat": false,
      "frame": "goal"
    },
    "criteria": {
      "7": {
        "trigger": "minecraft:inventory_changed",
        "conditions": {
          "items": [
            {
              "items": [
                "the_vault:soul_plaque"
              ],
              "nbt": "{CustomModelData:7}"
            }
          ]
        }
      },
      "8": {
        "trigger": "minecraft:inventory_changed",
        "conditions": {
          "items": [
            {
              "items": [
                "the_vault:soul_plaque"
              ],
              "nbt": "{CustomModelData:8}"
            }
          ]
        }
      }
    },
    "requirements": [
        ["7","8"]
    ]
  }