{
    "parent": "izzy_vault:soul/soul_plaque_7",
    "display": {
      "icon": {
        "item": "the_vault:soul_plaque",
        "nbt": "{CustomModelData:8}"
      },
      "title": {"text": "灵魂之匾 - 最高荣誉"},
      "description":["",{"text": "甚至都没出汗","italic": true},{"text": "\n获得最高等级的灵魂之匾（完成40次或以上）"}],
      "frame": "challenge"
    },
    "criteria": {
      "8": {
        "trigger": "minecraft:inventory_changed",
        "conditions": {
          "items": [
            {
              "items": [
                "the_vault:soul_plaque"
              ],
              "nbt": "{CustomModelData:8}"
            }
          ]
        }
      }
    },
    "requirements": [
        ["8"]
    ]
  }