{
    "parent": "izzy_vault:soul/ascension_forge",
    "display": {
      "icon": {
        "item": "the_vault:title_scroll"
      },
      "title": {"text": "从今以后，我将被称为……"},
      "description": {"text": "获得一个称号卷轴"},
      "hidden": true,
      "frame": "goal"
    },
    "criteria": {
      "craft_item": {
        "trigger": "minecraft:inventory_changed",
        "conditions": {
          "items": [
            {
              "items": [
                "the_vault:title_scroll"
              ]
            }
          ]
        }
      }
    }
  }