{
    "parent": "izzy_vault:chests/ornate_chest",
    "display": {
        "icon": {
            "item": "the_vault:living_chest_placeable"
        },
        "title": {
            "text": "它是活的！"
        },
        "description": {
            "text": "制作一个活化宝箱"
        }
    },
    "criteria": {
        "craft_item": {
            "trigger": "minecraft:inventory_changed",
            "conditions": {
                "items": [
                    {
                        "items": [
                            "the_vault:living_chest_placeable"
                        ]
                    }
                ]
            }
        }
    }
}