{
    "parent": "izzy_vault:items/vault_artifact",
    "display": {
        "icon": {
            "item": "the_vault:unidentified_artifact"
        },
        "title": {
            "text": "一生的故事"
        },
        "description": [
            "",
            {
                "text": "我希望他们能继续讲述这些事情",
                "italic": true
            },
            {
                "text": "\n获得所有文物"
            }
        ],
        "frame": "challenge",
        "hidden": true
    },
    "criteria": {
        "1": {
            "trigger": "minecraft:inventory_changed",
            "conditions": {
                "items": [
                    {
                        "items": [
                            "the_vault:vault_artifact"
                        ],
                        "nbt": "{CustomModelData:1}"
                    }
                ]
            }
        },
        "2": {
            "trigger": "minecraft:inventory_changed",
            "conditions": {
                "items": [
                    {
                        "items": [
                            "the_vault:vault_artifact"
                        ],
                        "nbt": "{CustomModelData:2}"
                    }
                ]
            }
        },
        "3": {
            "trigger": "minecraft:inventory_changed",
            "conditions": {
                "items": [
                    {
                        "items": [
                            "the_vault:vault_artifact"
                        ],
                        "nbt": "{CustomModelData:3}"
                    }
                ]
            }
        },
        "4": {
            "trigger": "minecraft:inventory_changed",
            "conditions": {
                "items": [
                    {
                        "items": [
                            "the_vault:vault_artifact"
                        ],
                        "nbt": "{CustomModelData:4}"
                    }
                ]
            }
        },
        "5": {
            "trigger": "minecraft:inventory_changed",
            "conditions": {
                "items": [
                    {
                        "items": [
                            "the_vault:vault_artifact"
                        ],
                        "nbt": "{CustomModelData:5}"
                    }
                ]
            }
        },
        "6": {
            "trigger": "minecraft:inventory_changed",
            "conditions": {
                "items": [
                    {
                        "items": [
                            "the_vault:vault_artifact"
                        ],
                        "nbt": "{CustomModelData:6}"
                    }
                ]
            }
        },
        "7": {
            "trigger": "minecraft:inventory_changed",
            "conditions": {
                "items": [
                    {
                        "items": [
                            "the_vault:vault_artifact"
                        ],
                        "nbt": "{CustomModelData:7}"
                    }
                ]
            }
        },
        "8": {
            "trigger": "minecraft:inventory_changed",
            "conditions": {
                "items": [
                    {
                        "items": [
                            "the_vault:vault_artifact"
                        ],
                        "nbt": "{CustomModelData:8}"
                    }
                ]
            }
        },
        "9": {
            "trigger": "minecraft:inventory_changed",
            "conditions": {
                "items": [
                    {
                        "items": [
                            "the_vault:vault_artifact"
                        ],
                        "nbt": "{CustomModelData:9}"
                    }
                ]
            }
        },
        "10": {
            "trigger": "minecraft:inventory_changed",
            "conditions": {
                "items": [
                    {
                        "items": [
                            "the_vault:vault_artifact"
                        ],
                        "nbt": "{CustomModelData:10}"
                    }
                ]
            }
        },
        "11": {
            "trigger": "minecraft:inventory_changed",
            "conditions": {
                "items": [
                    {
                        "items": [
                            "the_vault:vault_artifact"
                        ],
                        "nbt": "{CustomModelData:11}"
                    }
                ]
            }
        },
        "12": {
            "trigger": "minecraft:inventory_changed",
            "conditions": {
                "items": [
                    {
                        "items": [
                            "the_vault:vault_artifact"
                        ],
                        "nbt": "{CustomModelData:12}"
                    }
                ]
            }
        },
        "13": {
            "trigger": "minecraft:inventory_changed",
            "conditions": {
                "items": [
                    {
                        "items": [
                            "the_vault:vault_artifact"
                        ],
                        "nbt": "{CustomModelData:13}"
                    }
                ]
            }
        },
        "14": {
            "trigger": "minecraft:inventory_changed",
            "conditions": {
                "items": [
                    {
                        "items": [
                            "the_vault:vault_artifact"
                        ],
                        "nbt": "{CustomModelData:14}"
                    }
                ]
            }
        },
        "15": {
            "trigger": "minecraft:inventory_changed",
            "conditions": {
                "items": [
                    {
                        "items": [
                            "the_vault:vault_artifact"
                        ],
                        "nbt": "{CustomModelData:15}"
                    }
                ]
            }
        },
        "16": {
            "trigger": "minecraft:inventory_changed",
            "conditions": {
                "items": [
                    {
                        "items": [
                            "the_vault:vault_artifact"
                        ],
                        "nbt": "{CustomModelData:16}"
                    }
                ]
            }
        },
        "17": {
            "trigger": "minecraft:inventory_changed",
            "conditions": {
                "items": [
                    {
                        "items": [
                            "the_vault:vault_artifact"
                        ],
                        "nbt": "{CustomModelData:17}"
                    }
                ]
            }
        },
        "18": {
            "trigger": "minecraft:inventory_changed",
            "conditions": {
                "items": [
                    {
                        "items": [
                            "the_vault:vault_artifact"
                        ],
                        "nbt": "{CustomModelData:18}"
                    }
                ]
            }
        },
        "19": {
            "trigger": "minecraft:inventory_changed",
            "conditions": {
                "items": [
                    {
                        "items": [
                            "the_vault:vault_artifact"
                        ],
                        "nbt": "{CustomModelData:19}"
                    }
                ]
            }
        },
        "20": {
            "trigger": "minecraft:inventory_changed",
            "conditions": {
                "items": [
                    {
                        "items": [
                            "the_vault:vault_artifact"
                        ],
                        "nbt": "{CustomModelData:20}"
                    }
                ]
            }
        },
        "21": {
            "trigger": "minecraft:inventory_changed",
            "conditions": {
                "items": [
                    {
                        "items": [
                            "the_vault:vault_artifact"
                        ],
                        "nbt": "{CustomModelData:21}"
                    }
                ]
            }
        },
        "22": {
            "trigger": "minecraft:inventory_changed",
            "conditions": {
                "items": [
                    {
                        "items": [
                            "the_vault:vault_artifact"
                        ],
                        "nbt": "{CustomModelData:22}"
                    }
                ]
            }
        },
        "23": {
            "trigger": "minecraft:inventory_changed",
            "conditions": {
                "items": [
                    {
                        "items": [
                            "the_vault:vault_artifact"
                        ],
                        "nbt": "{CustomModelData:23}"
                    }
                ]
            }
        },
        "24": {
            "trigger": "minecraft:inventory_changed",
            "conditions": {
                "items": [
                    {
                        "items": [
                            "the_vault:vault_artifact"
                        ],
                        "nbt": "{CustomModelData:24}"
                    }
                ]
            }
        },
        "25": {
            "trigger": "minecraft:inventory_changed",
            "conditions": {
                "items": [
                    {
                        "items": [
                            "the_vault:vault_artifact"
                        ],
                        "nbt": "{CustomModelData:25}"
                    }
                ]
            }
        }
    },
    "requirements": [
        [
            "1"
        ],
        [
            "2"
        ],
        [
            "3"
        ],
        [
            "4"
        ],
        [
            "5"
        ],
        [
            "6"
        ],
        [
            "7"
        ],
        [
            "8"
        ],
        [
            "9"
        ],
        [
            "10"
        ],
        [
            "11"
        ],
        [
            "12"
        ],
        [
            "13"
        ],
        [
            "14"
        ],
        [
            "15"
        ],
        [
            "16"
        ],
        [
            "17"
        ],
        [
            "18"
        ],
        [
            "19"
        ],
        [
            "20"
        ],
        [
            "21"
        ],
        [
            "22"
        ],
        [
            "23"
        ],
        [
            "24"
        ],
        [
            "25"
        ]
    ]
}