{
    "parent": "izzy_vault:the_vault",
    "display": {
      "icon": {
        "item": "the_vault:animal_jar"
      },
      "title": {"text": "动物收藏家"},
      "description": {"text": "制作一个动物罐"}
    },
    "criteria": {
      "craft_item": {
        "trigger": "minecraft:inventory_changed",
        "conditions": {
          "items": [
            {
              "items": [
                "the_vault:animal_jar"
              ]
            }
          ]
        }
      }
    }
  }