{
    "parent": "izzy_vault:the_vault",
    "display": {
      "icon": {
        "item": "the_vault:augment"
      },
      "title": {"text": "记得常来！"},
      "description": {"text": "获得一个主题组件"}
    },
    "criteria": {
      "craft_item": {
        "trigger": "minecraft:inventory_changed",
        "conditions": {
          "items": [
            {
              "items": [
                "the_vault:augment"
              ]
            }
          ]
        }
      }
    }
  }