{
    "parent": "izzy_vault:blocks/eternal_pedestal",
    "display": {
      "icon": {
        "item": "the_vault:aura_scroll"
      },
      "title": {"text": "你在用我的光环呢"},
      "description": {"text": "获得一个光环卷轴"}
    },
    "criteria": {
      "craft_item": {
        "trigger": "minecraft:inventory_changed",
        "conditions": {
          "items": [
            {
              "items": [
                "the_vault:aura_scroll"
              ]
            }
          ]
        }
      }
    }
  }