{
    "parent": "izzy_vault:items/mystery_egg",
    "display": {
      "icon": {
        "item": "the_vault:mystery_hostile_egg"
      },
      "title": {"text": "……以及邪恶版的"},
      "description": {"text": "制作一个神秘敌对蛋"}
    },
    "criteria": {
      "craft_item": {
        "trigger": "minecraft:inventory_changed",
        "conditions": {
          "items": [
            {
              "items": [
                "the_vault:mystery_hostile_egg"
              ]
            }
          ]
        }
      }
    }
  }