{
    "parent": "izzy_vault:blocks/bounty",
    "display": {
      "icon": {
        "item": "the_vault:bounty_pearl"
      },
      "title": {"text": "这太复杂了"},
      "description": {"text": "获得一个悬赏珍珠"}
    },
    "criteria": {
      "craft_item": {
        "trigger": "minecraft:inventory_changed",
        "conditions": {
          "items": [
            {
              "items": [
                "the_vault:bounty_pearl"
              ]
            }
          ]
        }
      }
    }
  }