{
    "parent": "izzy_vault:items/all_vault_arifact",
    "display": {
      "icon": {
        "item": "the_vault:crystal_seal_herald"
      },
      "title": {"text": "结束一切吧"},
      "description": ["",{"text": "一劳永逸","italic": true},{"text": "\n获得一个先驱者印记"}],
      "frame": "challenge",
      "hidden": true
    },
    "criteria": {
      "craft_item": {
        "trigger": "minecraft:inventory_changed",
        "conditions": {
          "items": [
            {
              "items": [
                "the_vault:crystal_seal_herald"
              ]
            }
          ]
        }
      }
    }
  }