{
    "parent": "izzy_vault:items/god_blessing",
    "display": {
        "icon": {
            "item": "the_vault:god_blessing",
            "nbt": "{type:'tenos'}"
        },
        "title": {
            "text": "愿众神对你微笑"
        },
        "description": {
            "text": "获得所有种类的神之祝福"
        },
        "frame": "goal"
    },
    "criteria": {
        "wendarr": {
            "trigger": "minecraft:inventory_changed",
            "conditions": {
                "items": [
                    {
                        "items": [
                            "the_vault:god_blessing"
                        ],
                        "nbt": "{type:'wendarr'}"
                    }
                ]
            }
        },
        "velara": {
            "trigger": "minecraft:inventory_changed",
            "conditions": {
                "items": [
                    {
                        "items": [
                            "the_vault:god_blessing"
                        ],
                        "nbt": "{type:'velara'}"
                    }
                ]
            }
        },
        "tenos": {
            "trigger": "minecraft:inventory_changed",
            "conditions": {
                "items": [
                    {
                        "items": [
                            "the_vault:god_blessing"
                        ],
                        "nbt": "{type:'tenos'}"
                    }
                ]
            }
        },
        "idona": {
            "trigger": "minecraft:inventory_changed",
            "conditions": {
                "items": [
                    {
                        "items": [
                            "the_vault:god_blessing"
                        ],
                        "nbt": "{type:'idona'}"
                    }
                ]
            }
        }
    },
    "requirements": [
        [
            "wendarr"
        ],
        [
            "velara"
        ],
        [
            "tenos"
        ],
        [
            "idona"
        ]
    ]
}