{
    "parent": "izzy_vault:blocks/altar",
    "display": {
        "icon": {
            "item": "the_vault:god_blessing",
            "nbt": "{type:'velara'}"
        },
        "title": {
            "text": "拍马屁得分"
        },
        "description": {
            "text": "获得一个神之祝福"
        }
    },
    "criteria": {
        "craft_item": {
            "trigger": "minecraft:inventory_changed",
            "conditions": {
                "items": [
                    {
                        "items": [
                            "the_vault:god_blessing"
                        ]
                    }
                ]
            }
        }
    }
}