{
    "parent": "izzy_vault:items/god_token",
    "display": {
      "icon": {
        "item": "the_vault:god_token",
        "nbt": "{type:'tenos'}"
      },
      "title": {"text": "愿众神对你微笑"},
      "description": ["",{"text": "没有最爱只有更爱~！","italic": true},{"text": "\n获得所有种类的神之信物"}],
      "frame": "challenge",
      "hidden": true
    },
    "criteria": {
      "wendarr": {
        "trigger": "minecraft:inventory_changed",
        "conditions": {
          "items": [
            {
                "items": [
                    "the_vault:god_token"
                ],
                "nbt": "{type:'wendarr'}"
            }
          ]
        }
      },
      "velara": {
        "trigger": "minecraft:inventory_changed",
        "conditions": {
          "items": [
            {
                "items": [
                    "the_vault:god_token"
                ],
                "nbt": "{type:'velara'}"
            }
          ]
        }
      },
      "tenos": {
        "trigger": "minecraft:inventory_changed",
        "conditions": {
          "items": [
            {
                "items": [
                    "the_vault:god_token"
                ],
                "nbt": "{type:'tenos'}"
            }
          ]
        }
      },
      "idona": {
        "trigger": "minecraft:inventory_changed",
        "conditions": {
          "items": [
            {
                "items": [
                    "the_vault:god_token"
                ],
                "nbt": "{type:'idona'}"
            }
          ]
        }
      }
    },
    "requirements": [
        ["wendarr"],
        ["velara"],
        ["tenos"],
        ["idona"]
    ]
  }