{
    "parent": "izzy_vault:items/relic_booster",
    "display": {
        "icon": {
            "item": "the_vault:mystery_box"
        },
        "title": {
            "text": "总能得到礼物"
        },
        "description": {
            "text": "获得一个神秘盒子"
        }
    },
    "criteria": {
        "craft_item": {
            "trigger": "minecraft:inventory_changed",
            "conditions": {
                "items": [
                    {
                        "items": [
                            "the_vault:mystery_box"
                        ]
                    }
                ]
            }
        }
    }
}