{
    "parent": "izzy_vault:items/blank_seal",
    "display": {
        "icon": {
            "item": "the_vault:crystal_seal_hunter"
        },
        "title": {
            "text": "失物招领"
        },
        "description": {
            "text": "制作一个猎人印记"
        }
    },
    "criteria": {
        "craft_item": {
            "trigger": "minecraft:inventory_changed",
            "conditions": {
                "items": [
                    {
                        "items": [
                            "the_vault:crystal_seal_hunter"
                        ]
                    }
                ]
            }
        }
    }
}