{
    "parent": "izzy_vault:gems/pog",
    "display": {
      "icon": {
        "item": "the_vault:infinite_water_bucket"
      },
      "title": {"text": "终生供应"},
      "description": {"text": "制作一个无限水桶"}
    },
    "criteria": {
      "craft_item": {
        "trigger": "minecraft:inventory_changed",
        "conditions": {
          "items": [
            {
              "items": [
                "the_vault:infinite_water_bucket"
              ]
            }
          ]
        }
      }
    }
  }