{
    "parent": "izzy_vault:items/architect",
    "display": {
        "icon": {
            "item": "the_vault:inscription"
        },
        "title": {
            "text": "建筑指南"
        },
        "description": {
            "text": "制作或获得一个铭文"
        }
    },
    "criteria": {
        "craft_item": {
            "trigger": "minecraft:inventory_changed",
            "conditions": {
                "items": [
                    {
                        "items": [
                            "the_vault:inscription"
                        ]
                    }
                ]
            }
        }
    }
}