{
    "parent": "izzy_vault:materials/knowledge_essence",
    "display": {
      "icon": {
        "item": "the_vault:knowledge_star"
      },
      "title": {"text": "闪耀着知识的光辉"},
      "description": {"text": "制作一个知识之星"}
    },
    "criteria": {
      "craft_item": {
        "trigger": "minecraft:inventory_changed",
        "conditions": {
          "items": [
            {
              "items": [
                "the_vault:knowledge_star"
              ]
            }
          ]
        }
      }
    }
  }