{
    "parent": "izzy_vault:blocks/eternal_pedestal",
    "display": {
      "icon": {
        "item": "the_vault:life_scroll"
      },
      "title": {"text": "击杀疗法"},
      "description": {"text": "制作一个生命卷轴"}
    },
    "criteria": {
      "craft_item": {
        "trigger": "minecraft:inventory_changed",
        "conditions": {
          "items": [
            {
              "items": [
                "the_vault:life_scroll"
              ]
            }
          ]
        }
      }
    }
  }