{
    "parent": "izzy_vault:blocks/bounty",
    "display": {
      "icon": {
        "item": "the_vault:lost_bounty"
      },
      "title": {"text": "我们的任务将成为传奇"},
      "description": {"text": "获得一个遗失悬赏"}
    },
    "criteria": {
      "craft_item": {
        "trigger": "minecraft:inventory_changed",
        "conditions": {
          "items": [
            {
              "items": [
                "the_vault:lost_bounty"
              ]
            }
          ]
        }
      }
    }
  }