{
    "parent": "izzy_vault:items/animal_jar",
    "display": {
      "icon": {
        "item": "the_vault:animal_jar",
        "nbt": "{count:1,entity:\"minecraft:sheep\",Color:9}"
      },
      "title": {"text": "合理密装"},
      "description": ["",{"text": "什么时候算是多得过头？","italic": true},{"text": "\n将256只动物装进一个动物罐"}],
      "hidden": true,
      "frame": "challenge"
    },
    "criteria": {
      "craft_item": {
        "trigger": "minecraft:inventory_changed",
        "conditions": {
          "items": [
            {
              "items": [
                "the_vault:animal_jar"
              ],
              "nbt": "{count:256}"
            }
          ]
        }
      }
    }
  }