{
    "parent": "izzy_vault:items/goodie_box",
    "display": {
        "icon": {
            "item": "the_vault:mod_box"
        },
        "title": {
            "text": "特殊抽奖盒"
        },
        "description": {
            "text": "获得一个模组盲盒"
        }
    },
    "criteria": {
        "craft_mod_box": {
            "trigger": "minecraft:inventory_changed",
            "conditions": {
                "items": [
                    {
                        "items": [
                            "the_vault:mod_box"
                        ]
                    }
                ]
            }
        }
    }
}