{
    "parent": "izzy_vault:materials/vault_diamond",
    "display": {
        "icon": {
            "item": "the_vault:mystery_egg"
        },
        "title": {
            "text": "是一只友好生物……"
        },
        "description": {
            "text": "获得一个神秘蛋"
        }
    },
    "criteria": {
        "craft_item": {
            "trigger": "minecraft:inventory_changed",
            "conditions": {
                "items": [
                    {
                        "items": [
                            "the_vault:mystery_egg"
                        ]
                    }
                ]
            }
        }
    }
}