{
    "parent": "izzy_vault:items/bounty_pearl",
    "display": {
      "icon": {
        "item": "the_vault:plunderer_pearl"
      },
      "title": {"text": "自己的盗贼悬赏"},
      "description": {"text": "制作一个盗贼珍珠"},
      "frame": "goal"
    },
    "criteria": {
      "craft_item": {
        "trigger": "minecraft:inventory_changed",
        "conditions": {
          "items": [
            {
              "items": [
                "the_vault:plunderer_pearl"
              ]
            }
          ]
        }
      }
    }
  }