{
    "parent": "izzy_vault:materials/red_vault_essence",
    "display": {
        "icon": {
            "item": "the_vault:respec_flask"
        },
        "title": {
            "text": "专用悔憾"
        },
        "description": {
            "text": "制作一个选择瓶"
        }
    },
    "criteria": {
        "craft_item": {
            "trigger": "minecraft:inventory_changed",
            "conditions": {
                "items": [
                    {
                        "items": [
                            "the_vault:respec_flask"
                        ]
                    }
                ]
            }
        }
    }
}