{
    "parent": "izzy_vault:the_vault",
    "display": {
        "icon": {
            "item": "the_vault:relic_booster_pack"
        },
        "title": {
            "text": "得到一些零碎"
        },
        "description": {
            "text": "获得一个遗物补充包"
        }
    },
    "criteria": {
        "craft_item": {
            "trigger": "minecraft:inventory_changed",
            "conditions": {
                "items": [
                    {
                        "items": [
                            "the_vault:relic_booster_pack"
                        ]
                    }
                ]
            }
        }
    }
}