{
    "parent": "izzy_vault:materials/vaulterite_ingot",
    "display": {
      "icon": {
        "item": "the_vault:repair_core"
      },
      "title": {"text": "可以重塑得更好"},
      "description": {"text": "制作一个修复核心"}
    },
    "criteria": {
      "craft_item": {
        "trigger": "minecraft:inventory_changed",
        "conditions": {
          "items": [
            {
              "items": [
                "the_vault:repair_core"
              ]
            }
          ]
        }
      }
    }
  }