{
    "parent": "izzy_vault:the_vault",
    "display": {
      "icon": {
        "item": "the_vault:shard_pouch"
      },
      "title": {"text": "灵魂收集者"},
      "description": {"text": "制作一个碎片袋"}
    },
    "criteria": {
      "craft_item": {
        "trigger": "minecraft:inventory_changed",
        "conditions": {
          "items": [
            {
              "items": [
                "the_vault:shard_pouch"
              ]
            }
          ]
        }
      }
    }
  }