{
    "parent": "izzy_vault:items/vault_gear",
    "display": {
        "icon": {
            "item": "the_vault:trinket"
        },
        "title": {
            "text": "增强道具"
        },
        "description": {
            "text": "获得一个饰品"
        }
    },
    "criteria": {
        "craft_item": {
            "trigger": "minecraft:inventory_changed",
            "conditions": {
                "items": [
                    {
                        "items": [
                            "the_vault:trinket"
                        ]
                    }
                ]
            }
        }
    }
}