{
    "parent": "izzy_vault:the_vault",
    "display": {
        "icon": {
            "item": "the_vault:vault_doll"
        },
        "title": {
            "text": "又黏人又可爱"
        },
        "description": [
            "",
            {
                "text": "并且我想要一直带着它",
                "color": "dark_aqua",
                "italic": true
            },
            {
                "text": "\n制作一个宝库玩偶"
            }
        ],
        "hidden": true
    },
    "criteria": {
        "craft_item": {
            "trigger": "minecraft:inventory_changed",
            "conditions": {
                "items": [
                    {
                        "items": [
                            "the_vault:vault_doll"
                        ]
                    }
                ]
            }
        }
    }
}