{
    "parent": "izzy_vault:the_vault",
    "display": {
      "icon": {
        "item": "the_vault:vault_gold"
      },
      "title": {"text": "小钱钱"},
      "description": {"text": "获得一些宝库钱币"}
    },
    "criteria": {
      "bronze": {
        "trigger": "minecraft:inventory_changed",
        "conditions": {
          "items": [
            {
              "items": [
                "the_vault:vault_bronze"
              ]
            }
          ]
        }
      },
      "silver": {
        "trigger": "minecraft:inventory_changed",
        "conditions": {
          "items": [
            {
              "items": [
                "the_vault:vault_silver"
              ]
            }
          ]
        }
      },
      "gold": {
        "trigger": "minecraft:inventory_changed",
        "conditions": {
          "items": [
            {
              "items": [
                "the_vault:vault_gold"
              ]
            }
          ]
        }
      },
      "platinum": {
        "trigger": "minecraft:inventory_changed",
        "conditions": {
          "items": [
            {
              "items": [
                "the_vault:vault_platinum"
              ]
            }
          ]
        }
      }
    },
    "requirements": [
        ["bronze","silver","gold","platinum"]
    ]
  }