{
    "parent": "izzy_vault:items/vault_money",
    "display": {
        "icon": {
            "item": "the_vault:vault_platinum"
        },
        "title": {
            "text": "史高治·麦克老鸭"
        },
        "description": [
            "",
            {
                "text": "你要在里面游泳，认真的？",
                "italic": true
            },
            {
                "text": "\n拥有一组铂币"
            }
        ],
        "hidden": true,
        "frame": "challenge"
    },
    "criteria": {
        "craft_item": {
            "trigger": "minecraft:inventory_changed",
            "conditions": {
                "items": [
                    {
                        "items": [
                            "the_vault:vault_platinum"
                        ],
                        "count": 64
                    }
                ]
            }
        }
    }
}