{
    "parent": "izzy_vault:the_vault",
    "display": {
      "icon": {
        "item": "the_vault:sweet_kiwi"
      },
      "title": {"text": "自行延长保质期"},
      "description": {"text": "食用宝库水果以延长你的宝库探索时间"}
    },
    "criteria": {
      "kiwi": {
        "trigger": "minecraft:using_item",
        "conditions": {
          "player": [
            {
              "condition": "minecraft:entity_properties",
              "entity": "this",
              "predicate": {}
            }
          ],
          "item": {
            "items": [
              "the_vault:sweet_kiwi"
            ]
          }
        }
      },
      "lemon": {
        "trigger": "minecraft:using_item",
        "conditions": {
          "player": [
            {
              "condition": "minecraft:entity_properties",
              "entity": "this",
              "predicate": {}
            }
          ],
          "item": {
            "items": [
              "the_vault:bitter_lemon"
            ]
          }
        }
      },
      "orange": {
        "trigger": "minecraft:using_item",
        "conditions": {
          "player": [
            {
              "condition": "minecraft:entity_properties",
              "entity": "this",
              "predicate": {}
            }
          ],
          "item": {
            "items": [
              "the_vault:sour_orange"
            ]
          }
        }
      },
      "pear": {
        "trigger": "minecraft:using_item",
        "conditions": {
          "player": [
            {
              "condition": "minecraft:entity_properties",
              "entity": "this",
              "predicate": {}
            }
          ],
          "item": {
            "items": [
              "the_vault:mystic_pear"
            ]
          }
        }
      }
    },
    "requirements": [
        ["kiwi","lemon","orange","pear"]
    ]
  }